source,date,text,compound,positive,negative,neutral,ind
BBC,Wed Sep 05 13:06:03 +0000 2018,"One town. One year. Two generations. Welcome to #TheMightyRedcar...

The Mighty Redcar | Thursday | 9pm | @BBCTwo

https://t.co/jPSPgpKckh",0.4588,0.167,0.0,0.833,0
BBC,Wed Sep 05 12:03:04 +0000 2018,".@Nadia_Sapphire was fat-shamed when she first started wrestling.
‚úä She now promotes body positivity and being a to‚Ä¶ https://t.co/ECc0CKFClB",0.6908,0.275,0.0,0.725,1
BBC,Wed Sep 05 11:38:45 +0000 2018,"RT @BBCR1: IT'S HAPPENING!!

@ArianaGrande is performing in the Live Lounge RIGHT NOW and kicking things off with the stunning No Tears Lef‚Ä¶",-0.2695,0.095,0.172,0.733,2
BBC,Wed Sep 05 11:00:09 +0000 2018,"Boeing says Asia needs 240,000 pilots over next two decades.
If you need a job, you may want to consider training a‚Ä¶ https://t.co/bCwIkgrjAy",0.0772,0.058,0.0,0.942,3
BBC,Wed Sep 05 10:16:29 +0000 2018,The family of Rachael Bland has confirmed that she died this morning. She inspired and touched the lives of many. R‚Ä¶ https://t.co/apHlIPa34D,-0.1027,0.119,0.134,0.746,4
BBC,Wed Sep 05 09:02:00 +0000 2018,"Back to school? So are we. 

Learn how #BBCBitesize can help you with your schoolwork and beyond throughout the yea‚Ä¶ https://t.co/GWQnSk6YuL",0.4019,0.119,0.0,0.881,5
BBC,Wed Sep 05 08:00:13 +0000 2018,üê¢ü¶ã  These butterflies drink turtle tears to get sodium they need to survive. https://t.co/f4bcrj6iD8,-0.2263,0.0,0.128,0.872,6
BBC,Wed Sep 05 07:32:03 +0000 2018,We imagine that other people are having much more sex than we are - and the reasons why are hardwired into our anim‚Ä¶ https://t.co/XMih9Z49l2,0.0,0.0,0.0,1.0,7
BBC,Wed Sep 05 07:03:05 +0000 2018,Love fish and chips? You‚Äôll love this! https://t.co/KEtoFsrttj,0.8655,0.592,0.0,0.408,8
BBC,Tue Sep 04 19:31:06 +0000 2018,A 42.8 millisecond flash of the word ‚Äúdeath‚Äù across a computer screen is enough to make us act differently. So what‚Ä¶ https://t.co/RPT6s8A9B5,0.0,0.0,0.0,1.0,9
BBC,Tue Sep 04 19:03:06 +0000 2018,"Is monogamy outdated? Can you love more than one person? After years of respectable marriage, Joy and Alan are goin‚Ä¶ https://t.co/iVjrJQjM6P",0.9054,0.385,0.0,0.615,10
BBC,Tue Sep 04 18:32:01 +0000 2018,"ü§ñ @jimalkhalili explores the AI revolution, arguing we should see it as friend not foe. 

The Joy of AI | 9pm |‚Ä¶ https://t.co/q6WOZb4Z17",-0.1195,0.195,0.212,0.593,11
BBC,Tue Sep 04 18:06:10 +0000 2018,"From the creator of Fleabag comes your new fav binge watch.

Killing Eve, coming soon to @BBCThree. https://t.co/s6MW7SkBKi",-0.34,0.128,0.188,0.684,12
BBC,Tue Sep 04 16:06:05 +0000 2018,"One of Britain‚Äôs most successful actors, @rizmc, opens up about dual identities, stereotypes and representation. https://t.co/MWKycuZ7e2",0.624,0.214,0.0,0.786,13
BBC,Tue Sep 04 13:07:03 +0000 2018,We all know a 'ghost member' or someone who overshares. Here's how to avoid being 'that person' in a group chat...‚Ä¶ https://t.co/6HAxtKKnav,-0.5423,0.0,0.2,0.8,14
BBC,Tue Sep 04 12:51:26 +0000 2018,"RT @bbcpress: Congratulations @_RichardMadden, @MissKeeleyHawes, @Jed_Mercurio - @BBCOne‚Äôs #Bodyguard is the biggest new drama on British T‚Ä¶",0.5994,0.206,0.0,0.794,15
BBC,Tue Sep 04 12:36:34 +0000 2018,RT @bbcwritersroom: Mike Bartlett is an award-winning writer with credits including hit drama #DoctorFoster and the stage and screen versio‚Ä¶,0.3612,0.116,0.0,0.884,16
BBC,Tue Sep 04 12:16:24 +0000 2018,"RT @BBCEarth: #NationalWildlifeDay by numbers. 

Find out more üëâ https://t.co/xoviRzi43h https://t.co/VzbUu0NfV6",0.0,0.0,0.0,1.0,17
BBC,Tue Sep 04 12:00:20 +0000 2018,üêò What's an elephant repellent and why would you need one? https://t.co/TnkBIFFyWK,0.0,0.0,0.0,1.0,18
BBC,Tue Sep 04 11:11:08 +0000 2018,"Vegan or not, you'll love @Nigella_Lawson's lemon tendercake with blueberry comp√¥te. üòã https://t.co/fjvaE1YZpj https://t.co/TacH7eB1Xj",-0.5216,0.0,0.219,0.781,19
BBC,Tue Sep 04 10:20:54 +0000 2018,RT @bbccomedy: And now a message from Feminists Who Ruin Things Men Used To Like. https://t.co/lmBz2xVij5,-0.3182,0.13,0.197,0.674,20
BBC,Tue Sep 04 08:00:01 +0000 2018,Antisemitism is on the rise in the UK https://t.co/Z90iK1wNct,0.0,0.0,0.0,1.0,21
BBC,Tue Sep 04 07:01:04 +0000 2018,"‚ù§Ô∏è Marie is not interpreting a performance, she's performing an interpretation. https://t.co/gt8T9IaCwv",0.0,0.0,0.0,1.0,22
BBC,Mon Sep 03 19:02:03 +0000 2018,"A documentary series following the search for missing people.

Reported Missing | 9pm | @BBCOne |‚Ä¶ https://t.co/yXINmDRboH",-0.5267,0.0,0.268,0.732,23
BBC,Mon Sep 03 18:31:04 +0000 2018,"After a bomb attack, a grieving family and a Dublin housewife form an unlikely alliance. 

Mother's Day | 9pm |‚Ä¶ https://t.co/fmRERQ6yVg",-0.8625,0.0,0.407,0.593,24
BBC,Mon Sep 03 18:03:03 +0000 2018,"""That's what compulsive gamblers do, they ruin all the beautiful things that a family can have."" 
(via @BBCThree) https://t.co/9kBMddPH6Q",0.0258,0.165,0.16,0.675,25
BBC,Mon Sep 03 16:00:26 +0000 2018,Holy moly! üò≤ https://t.co/Rjggxccufl,0.0,0.0,0.0,1.0,26
BBC,Mon Sep 03 13:11:02 +0000 2018,"A man from Belfast suffered a ""deep flesh wound"" after being bitten by a shark off the coast of County Cork. üò®‚Ä¶ https://t.co/yJuC9xBJHL",-0.4939,0.0,0.144,0.856,27
BBC,Mon Sep 03 11:57:08 +0000 2018,"These pilots in Scotland are joining the fight against plastic. üëè

https://t.co/MWCABk7ZIH",-0.3818,0.0,0.206,0.794,28
BBC,Mon Sep 03 11:01:04 +0000 2018,"ü§¢ From eating to clipping nails, these are your tales of bad travel etiquette.
üëâ https://t.co/mI0yhl6ws4 https://t.co/oHiNQWKT3I",-0.5423,0.0,0.2,0.8,29
BBC,Mon Sep 03 10:37:21 +0000 2018,"RT @BBCOne: Every two minutes someone in Britain goes missing. Multiple cameras follow the hunt for missing people, from the police tasked‚Ä¶",-0.5267,0.0,0.18,0.82,30
BBC,Mon Sep 03 08:10:05 +0000 2018,"RT @BBCRadio2: üèÜ Endless hours of entertaining radio. Millions raised for @BBCCiN. The alarm clock for a record number of listeners. üèÜ
Afte‚Ä¶",0.2023,0.178,0.102,0.72,31
BBC,Mon Sep 03 08:00:10 +0000 2018,üé®üñºÔ∏è Ken has never had an art lesson but painted a life-size replica of a Canaletto masterpiece. https://t.co/nPjvSKmbJs,0.7684,0.274,0.0,0.726,32
BBC,Mon Sep 03 07:24:03 +0000 2018,'That depictions of ‚Äòmadness‚Äô have been dominated by horror films is revealing of the film industry‚Äôs historic inse‚Ä¶ https://t.co/dz4lelqnOU,-0.5719,0.0,0.171,0.829,33
BBC,Mon Sep 03 07:17:57 +0000 2018,RT @bbcpress: Chris Evans to leave @BBCRadio2 Breakfast Show - https://t.co/gZddWwiGmr https://t.co/GoKj7gFJNF,-0.0516,0.0,0.107,0.893,34
BBC,Mon Sep 03 07:00:16 +0000 2018,"""I draw women because they suffer a lot.""

This is Sheillah, the 9 year-old Kenyan artist painting from the heart. https://t.co/gnfs35HYpX",-0.5423,0.0,0.163,0.837,35
BBC,Sun Sep 02 20:11:42 +0000 2018,"RT @BBCOne: Be careful who you trust. 
#Bodyguard https://t.co/6DhN42wMCI",0.5994,0.412,0.0,0.588,36
BBC,Sun Sep 02 19:47:44 +0000 2018,"RT @BBCRadio2: Get practising your @kylieminogue dance routines, there‚Äòs now just one week to go till Radio 2 Live in Hyde Park! ‚ú®

Whether‚Ä¶",0.0,0.0,0.0,1.0,37
BBC,Sun Sep 02 18:08:04 +0000 2018,"üòäüêê Scientists have found that goats are drawn to humans with happy facial expressions.
üëâ https://t.co/TO6kTk8a9B https://t.co/vpiCvIJuXR",0.5719,0.198,0.0,0.802,38
BBC,Sun Sep 02 17:06:04 +0000 2018,"‚òï Tea? Coffee? Plastic bag? 
This is the plastic bag you can drink. https://t.co/HDK9JLMQkV",0.0,0.0,0.0,1.0,39
BBC,Sun Sep 02 16:05:04 +0000 2018,A teenager who lost her hands and feet to meningitis as a baby is now heading to art college with hopes of becoming‚Ä¶ https://t.co/6I5M8G4Hw8,0.128,0.112,0.092,0.797,40
BBC,Sun Sep 02 15:24:46 +0000 2018,"RT @BBCOne: One ticking clock.
One set of questions.
And one #Bodyguard star, @Misskeeleyhawes. https://t.co/w5atGYC4Gn",0.0,0.0,0.0,1.0,41
BBC,Sun Sep 02 15:12:01 +0000 2018,"Forget hygge, lagom and lykke ‚Äì Jante Law rules in Scandinavia. 
 https://t.co/2nx7uw33Pw",-0.2263,0.0,0.16,0.84,42
BBC,Sun Sep 02 14:06:08 +0000 2018,"A groundbreaking technique looks set to turn man's best friend into an ivory trafficker's worst nightmare.
üëâ‚Ä¶ https://t.co/64P7dLdIqx",0.5106,0.29,0.161,0.549,43
BBC,Sun Sep 02 14:03:02 +0000 2018,"An increasing number of South Korean women are choosing not to marry, not to have children, and not even to have re‚Ä¶ https://t.co/kmpFHJM5Vd",0.0772,0.056,0.0,0.944,44
BBC,Sun Sep 02 13:03:02 +0000 2018,"üçã Bring some freshness to your dessert with a squeeze of lemon. 
üëâ https://t.co/uAys5XGjqv https://t.co/UEbBl8M85P",0.0,0.0,0.0,1.0,45
BBC,Sun Sep 02 12:25:11 +0000 2018,RT @BBCRadio4: Ten must-read novels based on events that shook the world. What do you think is missing? https://t.co/VwLynqnqwP,-0.3818,0.0,0.175,0.825,46
BBC,Sun Sep 02 12:24:18 +0000 2018,"RT @bbcthree: How to become a millionaire from your own bedroom
https://t.co/ZKsdhv2Z8l https://t.co/alZSZXDuQR",0.0,0.0,0.0,1.0,47
BBC,Sun Sep 02 11:34:00 +0000 2018,"This painting focused on two beautifully dressed black girls was radical for the mid-19th century.

Could this artw‚Ä¶ https://t.co/B4MvAJMvQW",0.743,0.27,0.0,0.73,48
BBC,Sun Sep 02 11:03:19 +0000 2018,RT @BBCSport: Neymar doesn't always do himself many favours... but this is great ‚ù§Ô∏è https://t.co/000oqICDZ0,0.7684,0.288,0.0,0.712,49
BBC,Sun Sep 02 10:20:05 +0000 2018,"RT @BBCOne: Find your dancing shoes üëû üë†

#Strictly returns to BBC One on Sep 8th. https://t.co/V7MlSZDwSL",0.0,0.0,0.0,1.0,50
BBC,Sun Sep 02 10:07:06 +0000 2018,üê¢ It's hard to imagine... but turtles didn't always have shells.  https://t.co/uLL0DO11Tu,-0.0516,0.0,0.107,0.893,51
BBC,Sun Sep 02 09:09:03 +0000 2018,"ü•• According to one Harvard professor, coconut oil, is 'pure poison'.
üëâ https://t.co/Xq6XdYHoDW https://t.co/sTiuM53z5h",0.0,0.0,0.0,1.0,52
BBC,Sun Sep 02 08:11:03 +0000 2018,üòç These baby rock hyraxes weigh no more than 250g each. https://t.co/BvEkBKJz9q,-0.296,0.0,0.18,0.82,53
BBC,Sun Sep 02 07:05:06 +0000 2018,üçÉ Start your Sunday right. https://t.co/mVUOfn9JYO,0.0,0.0,0.0,1.0,54
BBC,Sat Sep 01 19:55:23 +0000 2018,"RT @BBCRadio4: üòÇüòÇüòÇüòÇüòÇüòÇüòÇ
Laugh? We nearly fell in the sea.
The seven funniest Desert Island Discs.
https://t.co/KeqYYSMhFT",0.802,0.324,0.0,0.676,55
BBC,Sat Sep 01 18:47:18 +0000 2018,"RT @bbcstories: These women live with chronic pain which can strike at any time - they all have #Fibromyalgia, a common, little understood‚Ä¶",-0.5859,0.0,0.202,0.798,56
BBC,Sat Sep 01 18:09:04 +0000 2018,"üêù What to do if you're attacked by a swarm of wasps.
üëâ https://t.co/9EbsxYTbPa https://t.co/YYzWQR8JnS",-0.4588,0.0,0.214,0.786,57
BBC,Sat Sep 01 17:02:06 +0000 2018,"""Coming to Burning Man is almost like people are their truest selves.""
#Rituals #BurningMan https://t.co/qW8N42Xcja",0.6258,0.282,0.0,0.718,58
BBC,Sat Sep 01 16:07:05 +0000 2018,"A map identifying litter hotspots along Scotland's coastline has been launched.
üëâ https://t.co/6TkJa4Gj35 https://t.co/pgfuRhtxcK",0.128,0.12,0.0,0.88,59
BBC,Sat Sep 01 15:02:06 +0000 2018,"Getting married? üîî 
Here are a few ways to defuse the surname conundrum. https://t.co/RF09jnOVUG",0.0,0.0,0.0,1.0,60
BBC,Sat Sep 01 14:43:14 +0000 2018,RT @bbcweather: When do seasons actually start and end? Find out more here: https://t.co/TKmaLIU2DR NP https://t.co/0OANuj8Z9j,0.5262,0.185,0.0,0.815,61
BBC,Sat Sep 01 14:10:03 +0000 2018,"üìö From a novel about the early Third Reich to a memoir by Steve Jobs‚Äô daughter, here are 10 excellent September rea‚Ä¶ https://t.co/cyMfPGi6yR",0.7184,0.25,0.0,0.75,62
BBC,Sat Sep 01 13:04:05 +0000 2018,A whole new way to treat Parkinson's. https://t.co/dslDtfQAmY,0.4019,0.31,0.0,0.69,63
BBC,Sat Sep 01 12:06:02 +0000 2018,"What is 'primitive technology' and why do we love it?
üëâ https://t.co/Nd4XTITC8U https://t.co/6r84K1MsP7",0.6369,0.276,0.0,0.724,64
BBC,Sat Sep 01 11:39:44 +0000 2018,"RT @BBCiPlayer: If this doesn‚Äôt make you cry, you‚Äôre obviously a Dalek.üò≠üò≠üò≠Binge watch #DoctorWho boxsets on BBC iPlayer üëâ https://t.co/uK9b‚Ä¶",-0.4767,0.0,0.154,0.846,65
BBC,Sat Sep 01 11:39:34 +0000 2018,RT @bbcstrictly: He's no average Joe. But can he cut it on the #Strictly dancefloor? Get ready to Rumba @Joe_Sugg. üï∫ https://t.co/rMsIA4rlWs,-0.2023,0.101,0.173,0.726,66
BBC,Sat Sep 01 11:05:04 +0000 2018,"These endangered birds have no sense of direction, so conservationists came up with a novel way to get them home... https://t.co/YS6O0UjhLX",0.0258,0.102,0.098,0.8,67
BBC,Sat Sep 01 10:04:00 +0000 2018,"üåçüç¥ In the UK we're using 16.5 billion pieces of single-use plastic cutlery every year.
#PlasticsAction https://t.co/8L3GWXBbaP",0.0,0.0,0.0,1.0,68
BBC,Sat Sep 01 09:04:02 +0000 2018,"üö∞ Why do homes in the UK have separate hot and cold taps?
üëâ https://t.co/pxUznxp7K6 https://t.co/N1ShLNy0CS",0.0,0.0,0.0,1.0,69
BBC,Sat Sep 01 07:59:03 +0000 2018,‚è≥ Is the world running out of sand? https://t.co/n18YThXesW,0.0,0.0,0.0,1.0,70
BBC,Sat Sep 01 07:05:03 +0000 2018,"‚ù§Ô∏èüêæ So many puppies and kittens will be safer because of this.
#LucysLaw https://t.co/LyF6u8hy2n",0.4215,0.177,0.0,0.823,71
BBC,Fri Aug 31 20:31:05 +0000 2018,"üí¨üëë The true story of a king who tried to overcome his stutter so he could address the nation. 

The King's Speech |‚Ä¶ https://t.co/IT6rHoyP7k",0.2023,0.109,0.078,0.814,72
BBC,Fri Aug 31 18:00:23 +0000 2018,"""I've had three kids and I regret it."" 
üòÇ @RomeshRanga on the joys of fatherhood. https://t.co/lydyO3oymy",0.1027,0.178,0.156,0.667,73
BBC,Fri Aug 31 15:59:04 +0000 2018,üé¢üòÇ https://t.co/TnwAKXOTxW,0.0,0.0,0.0,1.0,74
BBC,Fri Aug 31 13:04:02 +0000 2018,"One comic fan was so annoyed by the tight costume worn by @Marvel superhero Dust, she redesigned the niqab hero's a‚Ä¶ https://t.co/VcdXcOEMAy",-0.4201,0.087,0.193,0.72,75
BBC,Fri Aug 31 12:00:20 +0000 2018,I'll apply for ANY job at this point ü§∑‚Äç‚ôÄÔ∏èhttps://t.co/8OteufwU1C,0.0,0.0,0.0,1.0,76
BBC,Fri Aug 31 11:03:06 +0000 2018,"üéΩ@BBCThree talked to a 'crop top historian' about the comeback of the male crop top...
Apparently ""fragile masculin‚Ä¶ https://t.co/uipbGRcaf6",0.2023,0.096,0.0,0.904,77
BBC,Fri Aug 31 09:12:34 +0000 2018,"RT @BBCScotland: Drumming like you've never seen before! ü•Å

Watch #TheRoyalEdinburghMilitaryTattoo on #BBCiPlayer https://t.co/qjoDEhcgUS h‚Ä¶",0.4199,0.177,0.0,0.823,78
BBC,Fri Aug 31 08:58:26 +0000 2018,"RT @BBCRadio4: ""My book is one of my passions.""
But which book did David Beckham pick?
With over 2,000 episodes to discover, make #DesertIs‚Ä¶",0.0,0.0,0.0,1.0,79
BBC,Fri Aug 31 08:58:19 +0000 2018,"RT @BBCRadio4: ""It's very trivial...""
But what was the 'trivial' item that @EdSheeran wanted to be marooned with?
With over 2,000 episodes‚Ä¶",0.0,0.0,0.0,1.0,80
BBC,Fri Aug 31 08:00:11 +0000 2018,"üêê + üêé = ‚ù§Ô∏è
This rescued horse has formed a beautiful relationship with a local goat. https://t.co/LSiib3iQZn",0.7717,0.401,0.0,0.599,81
BBC,Fri Aug 31 07:29:05 +0000 2018,"üò≤üìñ A book of etchings by a famed Italian artist which was found in a charity shop has fetched ¬£30,000 at auction.
üëâ‚Ä¶ https://t.co/yqo9GALupc",0.4215,0.123,0.0,0.877,82
BBC,Fri Aug 31 07:00:06 +0000 2018,üò≤‚ôªÔ∏èüêâ This 'river monster‚Äô was created from the monstrous amount of rubbish found in Leicester's waterways. https://t.co/lECYnJbKp1,0.25,0.111,0.0,0.889,83
BBC,Thu Aug 30 19:02:03 +0000 2018,"The story, both thrilling and dark, of the world's most famous perfume. 

The No 5 War | 9pm | @BBCFour |‚Ä¶ https://t.co/q6uRDNO5kC",-0.4588,0.123,0.242,0.635,84
BBC,Thu Aug 30 18:00:21 +0000 2018,"Cases of measles have hit record levels in Europe. 

Experts says it's because fewer people are getting vaccinated . https://t.co/HhX9QDavGn",0.0,0.0,0.0,1.0,85
BBC,Thu Aug 30 17:03:06 +0000 2018,"üê¨ A dolphin in Scotland's Firth of Clyde may be exchanging messages with porpoises.
üëâ https://t.co/oSRN7HThWd https://t.co/cQHxucMZBf",0.0,0.0,0.0,1.0,86
BBC,Thu Aug 30 16:01:00 +0000 2018,"üõçüõí Is it possible to shop without buying plastic?
#PlasticsAction https://t.co/D1zODaG8u1",0.0,0.0,0.0,1.0,87
BBC,Thu Aug 30 13:00:06 +0000 2018,"Electric shock collars for cats and dogs will be banned in England, the government has announced.
üëâ‚Ä¶ https://t.co/x1OSJRsWsI",-0.6808,0.0,0.259,0.741,88
BBC,Thu Aug 30 12:00:08 +0000 2018,"Tomisin was just 12 when she created an app which helps lost children in Nigeria. 
#BBCInnovators https://t.co/aBbTNebtdD",0.3182,0.22,0.11,0.67,89
BBC,Thu Aug 30 11:00:11 +0000 2018,"Fantasy to reality: The designer who brought Tolkien's Middle-earth to the screen.
üëâ https://t.co/cImtegWbN0 https://t.co/v6XRZ2qHx0",0.0,0.0,0.0,1.0,90
BBC,Thu Aug 30 10:24:25 +0000 2018,RT @BBCFOUR: The tragic story behind the N¬∞5 bottle's distinctive shape... https://t.co/NkRjCxvxB4,-0.4588,0.0,0.214,0.786,91
BBC,Thu Aug 30 08:57:55 +0000 2018,üé§üé∂ Prince Harry gave a TINY taster of his singing voice when he and the Duchess of Sussex visited the cast of‚Ä¶ https://t.co/nkyF92qiBL,0.0,0.0,0.0,1.0,92
BBC,Thu Aug 30 08:00:13 +0000 2018,A couple from Cornwall are dedicating their lives to helping critically endangered orangutan in Indonesia. https://t.co/GP8SXK8RHY,0.296,0.136,0.0,0.864,93
BBC,Thu Aug 30 07:26:04 +0000 2018,"üíä ‚ÄòIt sucked‚Äô: Eight women open up about the side effects they experienced on the birth control pill.
üëâ‚Ä¶ https://t.co/6uABmLH0LM",0.0,0.0,0.0,1.0,94
BBC,Thu Aug 30 07:00:16 +0000 2018,The postcards bringing smiles to these care home residents' faces. üëµüë¥ https://t.co/oHGQNagmEw,0.743,0.387,0.0,0.613,95
BBC,Wed Aug 29 18:31:09 +0000 2018,"üé≠ Will has a problem with A Midsummer Night's Dream, a love potion and a donkey head... 

#UpstartCrow | 8:30pm |‚Ä¶ https://t.co/leDgwwjcpe",0.5423,0.283,0.123,0.594,96
BBC,Wed Aug 29 17:27:04 +0000 2018,"‚òï Tea? Coffee? Plastic bag? 
This is the plastic bag you can drink. https://t.co/HDK9JLMQkV",0.0,0.0,0.0,1.0,97
BBC,Wed Aug 29 16:00:22 +0000 2018,This is what it's actually like to have narcolepsy. https://t.co/CzVVHSo7cp,0.3612,0.217,0.0,0.783,98
BBC,Wed Aug 29 14:35:57 +0000 2018,"Ever wondered how to master the moonwalk? 
#MichaelJacksonDay https://t.co/3flflQ3Wxa",0.0,0.0,0.0,1.0,99
CBS,Tue Sep 04 20:34:26 +0000 2018,The biggest names in entertainment are coming together once again for #StandUpToCancer this Friday at 8/7c on @CBS‚Ä¶ https://t.co/ntuGKLYvuW,0.4215,0.135,0.0,0.865,0
CBS,Sat Sep 01 15:25:34 +0000 2018,RT @cbsallaccess: Stream #17 @WestVirginiaU vs. @UTKnoxville LIVE today at 3:30PM ET on CBS All Access! Try 1 month FREE using code BINGENO‚Ä¶,0.6514,0.171,0.0,0.829,1
CBS,Fri Aug 31 21:26:49 +0000 2018,"In just one week, @RWitherspoon, @McConaughey, Jennifer Garner, and more will attend the #‚ÄãStandUpToCancer fundrais‚Ä¶ https://t.co/iHKGOoWejA",0.0,0.0,0.0,1.0,2
CBS,Fri Aug 31 18:01:01 +0000 2018,"Believe in miracles. Watch this sneak peek of the complete premiere episode of @GodFriendedMe now, a month before i‚Ä¶ https://t.co/5AIUH5VmMk",0.0,0.0,0.0,1.0,3
CBS,Thu Aug 30 19:45:51 +0000 2018,"RT @cbsallaccess: Money. Murder. Mystery. #OneDollar is now streaming, exclusively on CBS All Access. https://t.co/3qFdTEmVU5 https://t.co/‚Ä¶",-0.6908,0.0,0.239,0.761,4
CBS,Thu Aug 30 15:32:47 +0000 2018,RT @GodFriendedMe: It's a godsend! We're dropping the #GodFriendedMe pilot tomorrow right here on Twitter for you to stream a full month be‚Ä¶,0.6239,0.17,0.0,0.83,5
CBS,Mon Aug 27 23:36:57 +0000 2018,"It's almost time for sweater weather, pumpkin spice lattes, and CBS Fall TV premieres. Check out the storylines for‚Ä¶ https://t.co/BpgDyYl8fc",0.0,0.0,0.0,1.0,6
CBS,Fri Aug 24 20:30:16 +0000 2018,RT @cbsallaccess: #NFL preseason coverage is here! üèà The Detroit @Lions battle the Tampa Bay @Buccaneers tonight at 8PM ET. Stream the game‚Ä¶,-0.4389,0.0,0.121,0.879,7
CBS,Wed Aug 22 20:55:25 +0000 2018,"@bigbangtheory üé∂...happy kitty, sleepy kitty, purr purr purrüé∂ #TheBigBangTheory https://t.co/sEObppGJlZ",0.0,0.0,0.0,1.0,8
CBS,Wed Aug 22 20:10:12 +0000 2018,"This is going to require multiple singings of ""Soft Kitty."" https://t.co/UdRGNeQ7Lb",0.0,0.0,0.0,1.0,9
CBS,Mon Aug 20 21:59:56 +0000 2018,Got to get more of the @PaulMcCartney #CarpoolKaraoke into your life? @latelateshow produced an hour-long bonus spe‚Ä¶ https://t.co/DjPqajo6Xn,0.5423,0.171,0.0,0.829,10
CBS,Fri Aug 17 17:42:02 +0000 2018,"How much does it cost to bury the truth? 
#OneDollar premieres August 30, exclusively on CBS All Access. https://t.co/ZL5TBH9ro5",0.3182,0.113,0.0,0.887,11
CBS,Thu Aug 16 18:40:09 +0000 2018,Things got carried away when @ArianaGrande joined @latelateshow for #CarpoolKaraoke. So did Ariana. #ArianaCarpool https://t.co/WSZcC0TaYz,0.0,0.0,0.0,1.0,12
CBS,Thu Aug 16 00:09:03 +0000 2018,RT @cbsallaccess: Murder mystery set in a small town? We're in. Rediscover the genius of original #TwinPeaks co-creators @DAVID_LYNCH and @‚Ä¶,-0.5267,0.092,0.188,0.72,13
CBS,Sun Aug 12 23:30:02 +0000 2018,New start times for @60Minutes 7:20ET/6:20CT @CBSBigBrother 8:20ET/7:20CT @NCISLA 9:20ET/8:20CT @Elementary_CBS 10:‚Ä¶ https://t.co/Op9VcDsREa,0.0,0.0,0.0,1.0,14
CBS,Sun Aug 12 15:04:59 +0000 2018,Clear your schedules for the 100th #PGAChamp! Stream the Final Round LIVE on @cbsallaccess at 2 PM ET across all de‚Ä¶ https://t.co/m6bH2pKTUN,0.4389,0.126,0.0,0.874,15
CBS,Sat Aug 11 18:00:00 +0000 2018,The fortune teller you‚Äôll meet this Saturday lived a life of luxury... by scamming her victims out of hundreds of t‚Ä¶ https://t.co/fJo6F2Eo5p,-0.3182,0.0,0.103,0.897,16
CBS,Sat Aug 11 15:00:02 +0000 2018,The 100th PGA Championship continues today! Stream it LIVE on @cbsallaccess at 2PM ET across all devices. Try 1 Wee‚Ä¶ https://t.co/jbMg06eOND,0.4926,0.144,0.0,0.856,17
CBS,Fri Aug 10 22:28:55 +0000 2018,"To celebrate the 100th PGA Championship, relive some of the tournament's greatest moments with Luke Wilson. 

Don't‚Ä¶ https://t.co/wUuB93smr4",0.8957,0.419,0.0,0.581,18
CBS,Fri Aug 10 19:59:14 +0000 2018,"RT @TrueCrimeCBS: When Glenn Walp and Steve Doran uncovered theft at the Los Alamos National Laboratory, they HAD to blow their whistles. W‚Ä¶",0.0,0.0,0.0,1.0,19
CBS,Thu Aug 09 21:00:00 +0000 2018,Want to create your own @CBSBigBrother or @TKOCBS meme using one the photos here? It‚Äôs your lucky day! Head over to‚Ä¶ https://t.co/JHJWykNkQT,0.6696,0.255,0.0,0.745,20
CBS,Thu Aug 09 18:47:00 +0000 2018,Time to celebrate! Your favorite Daytime shows will premiere with new seasons this fall. See all of the @CBSDaytime‚Ä¶ https://t.co/GNkK4Zf2kD,0.7901,0.28,0.0,0.72,21
CBS,Wed Aug 08 16:05:11 +0000 2018,"Love is in the air, and the water! International smash hit #LoveIsland is coming to CBS. https://t.co/nepabuNoSU https://t.co/Cxgvkv463u",0.6696,0.209,0.0,0.791,22
CBS,Tue Aug 07 16:06:57 +0000 2018,The Executive Producers of @CBSBigBrother are teaming up with @KingJames and @MavCarter for an unprecedented televi‚Ä¶ https://t.co/V88bDeHmQs,0.0,0.0,0.0,1.0,23
CBS,Mon Aug 06 00:20:55 +0000 2018,"RT @cbsallaccess: Executive Producer of Tell Me A Story, @kevwilliamson, says ""What I like about the show, there‚Äôs nothing else on TV like‚Ä¶",0.3612,0.111,0.0,0.889,24
CBS,Mon Aug 06 00:07:38 +0000 2018,RT @TheNeighborhood: Feel the love in this new teaser for #TheNeighborhood from the #CBS #TCA18! ü§ó https://t.co/rPmCozH5XP,0.5411,0.219,0.098,0.683,25
CBS,Mon Aug 06 00:02:58 +0000 2018,RT @TheNeighborhood: Find out why Cedric the Entertainer and the cast think #TheNeighborhood is the kind of show that everyone can relate t‚Ä¶,0.3818,0.106,0.0,0.894,26
CBS,Mon Aug 06 00:02:02 +0000 2018,That's all for our #CBS #TCA18 panels! Tune in this fall to watch all your favorite new shows. üôå https://t.co/hM85o9eRi8,0.5093,0.155,0.0,0.845,27
CBS,Sun Aug 05 23:58:41 +0000 2018,"RT @MagnumPICBS: ""If there was ever a time to bring back #MagnumPI, it's now."" - @PLenkov 
#CBS #TCA2018",0.0,0.0,0.0,1.0,28
CBS,Sun Aug 05 23:44:39 +0000 2018,"RT @MagnumPICBS: ""There are a lot of easter eggs from the original that fans from the original series will love, and they're peppered throu‚Ä¶",0.8316,0.306,0.0,0.694,29
CBS,Sun Aug 05 23:41:21 +0000 2018,"RT @MagnumPICBS: ""What we are trying to do is introduce the show to a new audience...it's going to open it up for anyone that's new and the‚Ä¶",0.0,0.0,0.0,1.0,30
CBS,Sun Aug 05 23:35:49 +0000 2018,"RT @MagnumPICBS: ""This has been my white whale since I was a kid. I always loved #MagnumPI. Putting words in Magnum's mouth is something I'‚Ä¶",0.5994,0.157,0.0,0.843,31
CBS,Sun Aug 05 23:35:46 +0000 2018,RT @MagnumPICBS: It's #MagnumPI time at the #CBS #TCA2018! Follow along as we live tweet the panel!,0.0,0.0,0.0,1.0,32
CBS,Sun Aug 05 23:16:25 +0000 2018,RT @happytogether: Thanks for following along! That concludes the #HappyTogether panel at the #CBS #TCA2018! @MagnumPICBS is up next!,0.5826,0.173,0.0,0.827,33
CBS,Sun Aug 05 23:12:39 +0000 2018,"RT @happytogether: Question: Even though you're not playing @Harry_Styles, did you do a Harry crash course?
@itsfelixwot: Absolutely not. C‚Ä¶",-0.5093,0.0,0.202,0.798,34
CBS,Sun Aug 05 23:10:20 +0000 2018,"RT @happytogether: ""The show is about marriage, it's about getting a bit older, it's about youthfulness, it's about something happening and‚Ä¶",0.0,0.0,0.0,1.0,35
CBS,Sun Aug 05 23:05:58 +0000 2018,"RT @happytogether: ""It's always good to have a little bit of truth in whatever you're making.""- @wayansjr 

#HappyTogether #CBS #TCA2018",0.6041,0.225,0.0,0.775,36
CBS,Sun Aug 05 23:01:25 +0000 2018,"RT @happytogether: ""I thought I was still young and cool until I met @itsfelixwot!"" -@AmberoniStevens #HappyTogether #CBS #TCA2018",0.3802,0.147,0.0,0.853,37
CBS,Sun Aug 05 22:58:41 +0000 2018,"RT @happytogether: ""We never wanted to create a show where people think ""Oh, did @Harry_Styles do that?"" -@benwinston on emphasizing that #‚Ä¶",-0.2057,0.0,0.083,0.917,38
CBS,Sun Aug 05 22:58:36 +0000 2018,RT @happytogether: .@wayansjr is quick to point out that the characters in #HappyTogether are fictional. #CBS #TCA2018,0.0,0.0,0.0,1.0,39
CBS,Sun Aug 05 22:53:12 +0000 2018,"RT @happytogether: ""@Harry_Styles became part of the family. We didn't want him to move out."" -@benwinston #CBS #HappyTogether #TCA18",-0.0572,0.0,0.064,0.936,40
CBS,Sun Aug 05 22:52:24 +0000 2018,"RT @happytogether: ""It's about Cooper who wants nothing but normality and a boring life, and Jake and Claire, who want more excitement."" -@‚Ä¶",-0.3612,0.059,0.121,0.82,41
CBS,Sun Aug 05 22:49:06 +0000 2018,"RT @happytogether: ""It's loosely inspired (by the time @Harry_Styles lived with @benwinston), because if we put what actually happened on t‚Ä¶",0.4939,0.138,0.0,0.862,42
CBS,Sun Aug 05 22:46:49 +0000 2018,RT @happytogether: It's time for the #HappyTogether panel at the #CBS #TCA18! Follow along here!,0.0,0.0,0.0,1.0,43
CBS,Sun Aug 05 22:32:37 +0000 2018,RT @GodFriendedMe: Thanks for following along during the #GodFriendedMe panel at #CBS #TCA18‚Äî@HappyTogether is up next!,0.4926,0.175,0.0,0.825,44
CBS,Sun Aug 05 22:32:30 +0000 2018,"RT @GodFriendedMe: ""You don't have to believe in God to believe in good."" üôå@JOEtheMORTON¬†#GodFriendedMe #CBS",0.2732,0.123,0.0,0.877,45
CBS,Sun Aug 05 22:16:36 +0000 2018,RT @GodFriendedMe: ‚ÄúIt‚Äôs incredibly important to us that we‚Äôre not a show that‚Äôs preachy or judgmental. Whether you believe or don‚Äôt believ‚Ä¶,0.2716,0.095,0.0,0.905,46
CBS,Sun Aug 05 22:16:29 +0000 2018,"RT @GodFriendedMe: ""Our feet are on the ground. Our characters are not angels, they‚Äôre not heavenly, they‚Äôre just real people. The 'opposin‚Ä¶",-0.4973,0.0,0.133,0.867,47
CBS,Sun Aug 05 22:16:19 +0000 2018,RT @GodFriendedMe: Follow along with us as we live-tweet the #GodFriendedMe panel at #CBS #TCA18 with stars @hall_m_brandon @violettbeane @‚Ä¶,0.0,0.0,0.0,1.0,48
CBS,Sun Aug 05 22:05:44 +0000 2018,"RT @cbsallaccess: From the writer of Scream, The Vampire Diaries and The Following, comes a modern day twist on classic fairy tales. 

#Tel‚Ä¶",-0.4019,0.0,0.114,0.886,49
CBS,Sun Aug 05 22:00:47 +0000 2018,"RT @cbsallaccess: Small town. Big murder. Follow the Money. 

#OneDollar premieres August 30, exclusively on CBS All Access. https://t.co/T‚Ä¶",-0.6908,0.0,0.207,0.793,50
CBS,Sun Aug 05 21:48:41 +0000 2018,RT @cbsallaccess: That's a wrap on the #TellMeAStory panel! @GodFriendedMe is up next! #TCA18 #CBSAllAccess,0.0,0.0,0.0,1.0,51
CBS,Sun Aug 05 21:48:36 +0000 2018,"RT @cbsallaccess: ""What I love about New York City - besides being the best city in the world - it's textural, it's real, it has everything‚Ä¶",0.8555,0.286,0.0,0.714,52
CBS,Sun Aug 05 21:48:29 +0000 2018,RT @cbsallaccess: Who's ready to see @KimCattrall play @daniellemcam's (AKA Little Red Riding Hood) grandmother? #TellMeAStory #TCA18 #CBSA‚Ä¶,0.5994,0.234,0.0,0.766,53
CBS,Sun Aug 05 21:31:15 +0000 2018,"RT @cbsallaccess: ""What I like about this show is that there's nothing else on TV like it right now."" -@kevwilliamson #TellMeAStory #TCA18‚Ä¶",0.6124,0.208,0.0,0.792,54
CBS,Sun Aug 05 20:58:52 +0000 2018,"RT @MurphyBrownCBS: According to Candice Bergen and Diane English, there's never been a more perfect time to revive #MurphyBrown! https://t‚Ä¶",-0.2748,0.105,0.153,0.742,55
CBS,Sun Aug 05 20:56:17 +0000 2018,"RT @MurphyBrownCBS: #MurphyBrown has always been a political show, and that won't change! Read on about how the show plans to cover hot top‚Ä¶",0.0,0.0,0.0,1.0,56
CBS,Sun Aug 05 20:10:33 +0000 2018,"RT @FBICBS: ""People are going to get a very realistic view of how that office operates and the stresses. It's a zero-tolerance FBI office.‚Ä¶",-0.4588,0.0,0.125,0.875,57
CBS,Sun Aug 05 19:43:38 +0000 2018,Stay tuned for more #CBS #TCA18 action! The @cbsallaccess panel is up next. üëçüèº https://t.co/fcjiEwpaN0,0.0,0.0,0.0,1.0,58
CBS,Sun Aug 05 19:22:22 +0000 2018,"RT @FBICBS: #FBIFam, this should cure your #SundayScaries! Check out the #FBI preview that was shown at the #CBS #TCA18 before the panel. h‚Ä¶",0.0,0.0,0.0,1.0,59
CBS,Sun Aug 05 19:21:28 +0000 2018,"RT @TheNeighborhood: ""Once we shot the pilot, we knew that we had a great show."" -@CedEntertainer #TheNeighborhood #CBS",0.6249,0.204,0.0,0.796,60
CBS,Sun Aug 05 19:16:45 +0000 2018,"RT @TheNeighborhood: ""It was so well done, as far as I was concerned, that it became a no brainer to do the show. I called the next morning‚Ä¶",0.1384,0.098,0.079,0.823,61
CBS,Sun Aug 05 19:15:53 +0000 2018,"RT @TheNeighborhood: ""This is a show about people. This is a show about families, neighbors, friendships... At its core, this is a show abo‚Ä¶",0.0,0.0,0.0,1.0,62
CBS,Sun Aug 05 18:54:24 +0000 2018,"RT @TheNeighborhood: We're here at the #CBS #TCA18 giving you the inside scoop on #TheNeighborhood with our stars @CedEntertainer, @Tichina‚Ä¶",0.4588,0.182,0.0,0.818,63
CBS,Sun Aug 05 18:01:09 +0000 2018,RT @MurphyBrownCBS: That's a wrap on the #MurphyBrown panel at #TCA18! @TheNeighborhood is up next! #CBS,0.0,0.0,0.0,1.0,64
CBS,Sun Aug 05 17:55:07 +0000 2018,"RT @MurphyBrownCBS: Diane English reveals ""We have an enormously famous person in our first episode,"" but keeps the secret under wraps! üôä #‚Ä¶",0.0,0.0,0.0,1.0,65
CBS,Sun Aug 05 17:51:13 +0000 2018,"RT @MurphyBrownCBS: Diane English talks about how to stay topically relevant while writing scripts ahead of time &amp; also said, ""We have an i‚Ä¶",0.0,0.0,0.0,1.0,66
CBS,Sun Aug 05 17:47:01 +0000 2018,RT @MurphyBrownCBS: All the feels! ‚ù§Ô∏è #MurphyBrown returns to #CBS this fall! https://t.co/OvQk3CV49W,0.0,0.0,0.0,1.0,67
CBS,Sun Aug 05 17:39:48 +0000 2018,"RT @MurphyBrownCBS: ""It's been very emotional for the old guys... We saw Murphy's townhouse and we all got tears in our eyes."" -Candice Ber‚Ä¶",-0.0018,0.073,0.074,0.853,68
CBS,Sun Aug 05 17:28:37 +0000 2018,"Stay tuned, because @MurphyBrownCBS is up next at the #CBS #TCA18! https://t.co/0qdjQiFrwW",0.0,0.0,0.0,1.0,69
CBS,Sun Aug 05 17:28:03 +0000 2018,"RT @FBICBS: ‚ÄúEven though I was scared to say yes, it was so clear you don‚Äôt say no. I knew I couldn‚Äôt say no. I couldn‚Äôt be more grateful,‚Ä¶",-0.0602,0.182,0.219,0.599,70
CBS,Sun Aug 05 17:27:46 +0000 2018,"RT @FBICBS: What's it like for @JeremySisto coming back to a Dick Wolf show?

""It's one of the most stable ships you can be on... It's exci‚Ä¶",0.1761,0.16,0.105,0.735,71
CBS,Sun Aug 05 17:27:41 +0000 2018,"RT @FBICBS: ""We're celebrating the troops on the ground... There are endless stories in there."" - Dick Wolf on why he wanted to focus the s‚Ä¶",0.1027,0.123,0.11,0.767,72
CBS,Sun Aug 05 17:27:31 +0000 2018,"RT @FBICBS: ‚ÄúIt‚Äôs really exciting to be here for the first time in a long, long, long, long time.‚Äù - Dick Wolf #CBS #TCA18",0.0498,0.13,0.123,0.746,73
CBS,Sun Aug 05 14:47:12 +0000 2018,Celebrate #NationalSistersDay with an iconic group of sisters! Watch how these three became part of The Brady Bunch‚Ä¶ https://t.co/nBVjxl4AbP,0.6114,0.182,0.0,0.818,74
CBS,Sat Aug 04 22:57:37 +0000 2018,RT @startrekcbs: Executive Producer Alex Kurtzman and @SirPatStew surprised fans today at #STLV with news that he will be returning to the‚Ä¶,0.2263,0.083,0.0,0.917,75
CBS,Sat Aug 04 00:24:55 +0000 2018,Watching a üíØ spin on @PriceIsRight never gets old‚Ä¶especially when it‚Äôs Mila Kunis! https://t.co/NPOukc3jPz,0.0,0.0,0.0,1.0,76
CBS,Fri Aug 03 22:34:08 +0000 2018,"RT @TrueCrimeCBS: The chances of successfully blowing the whistle are slim, but did a Wells Fargo personal banker beat the odds?

Find out‚Ä¶",0.6124,0.24,0.0,0.76,77
CBS,Tue Jul 31 21:02:33 +0000 2018,Celebrate #NationalAvocadoDay with @letsmakeadeal. ü•ë Relive this #LMAD moment when an avocado wins one amazing deal! https://t.co/QS8GLajWU5,0.9098,0.469,0.0,0.531,78
CBS,Sat Jul 28 16:43:56 +0000 2018,"Housewives. PTA moms. School volunteers. Starting TONIGHT, hear the stories of seemingly innocent women who put it‚Ä¶ https://t.co/5TA15OiTuh",0.34,0.124,0.0,0.876,79
CBS,Wed Jul 25 17:25:36 +0000 2018,"This is one allowance that can‚Äôt be beat! Kids are winning big this week on @PriceIsRight. üéâ
 https://t.co/lncKu9XvNo",0.5707,0.187,0.0,0.813,80
CBS,Wed Jul 25 15:12:31 +0000 2018,"Renowned artists Cher, Philip Glass, Reba McEntire, Wayne Shorter, and the co-creators of #Hamilton will be recogni‚Ä¶ https://t.co/PEjjI9MKE1",0.0,0.0,0.0,1.0,81
CBS,Wed Jul 25 01:05:03 +0000 2018,Who's excited for the return of @MurphyBrownCBS? Here's a behind-the-scenes look at the first table read of the sea‚Ä¶ https://t.co/1B5S4WJnCW,0.34,0.118,0.0,0.882,82
CBS,Tue Jul 24 18:54:14 +0000 2018,"Mark your calendars because you won‚Äôt want to miss this! Former Secretaries of State @HillaryClinton, @Madeleine, a‚Ä¶ https://t.co/JKDPp97OqN",-0.1511,0.068,0.099,0.834,83
CBS,Mon Jul 23 21:30:33 +0000 2018,The cast couldn‚Äôt be more excited to welcome @ansonmount into the @startrekcbs family! Who‚Äôs ready to see the iconi‚Ä¶ https://t.co/fOS4f4VCb2,0.8293,0.34,0.0,0.66,84
CBS,Sun Jul 22 01:56:13 +0000 2018,RT @startrekcbs: Stream the full panel &amp; learn all the exclusive details revealed about season 2 of #StarTrekDiscovery at @Comic_Con: https‚Ä¶,0.128,0.073,0.0,0.927,85
CBS,Sat Jul 21 00:55:28 +0000 2018,RT @MagnumPICBS: Couldn't make it to San Diego for the #MagnumPI panel? Here's everything you missed at #SDCC2018: https://t.co/Z7IBqF1YJ8‚Ä¶,-0.296,0.0,0.109,0.891,86
CBS,Sat Jul 21 00:19:12 +0000 2018,RT @bigbangtheory: The #BigBangTheory writers teased a honeymoon episode and more @YoungSheldon characters in Season 12 while speaking at #‚Ä¶,-0.296,0.0,0.109,0.891,87
CBS,Sat Jul 21 00:10:00 +0000 2018,"RT @TrueCrimeCBS: When you find out you‚Äôve been treated with chemo, but you don‚Äôt have cancer. #Whistleblower https://t.co/DAKwu1vcNX",-0.7964,0.0,0.264,0.736,88
CBS,Fri Jul 20 23:44:54 +0000 2018,George blew the whistle on a doctor targeting those who believed they had cancer. What was the outcome? Find out to‚Ä¶ https://t.co/rLlNzlK3Cy,-0.6597,0.0,0.18,0.82,89
CBS,Fri Jul 20 22:29:36 +0000 2018,"RT @startrekcbs: Discover the next adventure of Starfleet in this first look at the season 2 premiere, coming early 2019. Season 1 is now s‚Ä¶",0.3182,0.095,0.0,0.905,90
CBS,Fri Jul 20 21:39:09 +0000 2018,Take a trip down memory lane with the cast and crew of @MagnumPICBS at #SDCC2018! https://t.co/jHVxm7kyaT,0.0,0.0,0.0,1.0,91
CBS,Fri Jul 20 15:08:23 +0000 2018,"This @cbsallaccess series is unlike any fairy tale you've ever seen before. @paulwesley, @kevwilliamson &amp;‚Ä¶ https://t.co/icsSnPxKAr",0.0,0.0,0.0,1.0,92
CBS,Tue Jul 17 17:55:25 +0000 2018,ü§∞üë©‚Äçüëßüö´üç∏ #WorldEmojiDay,0.0,0.0,0.0,1.0,93
CBS,Tue Jul 17 17:22:29 +0000 2018,üë®üìù‚úîÔ∏è¬†#WorldEmojiDay,0.0,0.0,0.0,1.0,94
CBS,Tue Jul 17 17:22:29 +0000 2018,üë©‚Äçüíºüíºüá∫üá∏¬†#WorldEmojiDay,0.0,0.0,0.0,1.0,95
CBS,Tue Jul 17 17:22:29 +0000 2018,üïµÔ∏èüïµÔ∏è‚Äç‚ôÄÔ∏è¬†#WorldEmojiDay,0.0,0.0,0.0,1.0,96
CBS,Tue Jul 17 17:22:29 +0000 2018,‚öìÔ∏èü¶Öüá∫üá∏¬†#WorldEmojiDay,0.0,0.0,0.0,1.0,97
CBS,Tue Jul 17 17:22:29 +0000 2018,üèÑüå¥üöî¬†#WorldEmojiDay,0.0,0.0,0.0,1.0,98
CBS,Tue Jul 17 17:22:28 +0000 2018,üíôüëÆüçΩ¬†#WorldEmojiDay,0.0,0.0,0.0,1.0,99
CNN,Wed Sep 05 13:30:04 +0000 2018,"A man crashed a truck into the building that houses KDFW in Dallas early Wednesday morning, according to CNN affili‚Ä¶ https://t.co/8zrTw9ntUf",0.0,0.0,0.0,1.0,0
CNN,Wed Sep 05 13:20:07 +0000 2018,The mother of a missing toddler who was the subject of an Amber Alert on Monday is now accused of his murder https://t.co/SjHiyyn7Lx,-0.7845,0.075,0.311,0.614,1
CNN,Wed Sep 05 13:09:33 +0000 2018,FDA again warns consumers not to eat Honey Smacks cereal due to a salmonella outbreak. 130 people have become ill s‚Ä¶ https://t.co/CuqvvrFyVD,-0.4939,0.0,0.181,0.819,2
CNN,Wed Sep 05 12:53:32 +0000 2018,"""We won? We won?""

This is the moment Ayanna Pressley learned she won a primary race in Massachusetts, defeating a‚Ä¶ https://t.co/kA7kt9jLkU",0.7319,0.284,0.095,0.621,3
CNN,Wed Sep 05 12:43:18 +0000 2018,"Theranos, the Silicon Valley startup whose founder faces fraud charges, is preparing to wind down its business https://t.co/xW9pUfnvQn",-0.7096,0.0,0.269,0.731,4
CNN,Wed Sep 05 12:30:10 +0000 2018,"Schools in the United States now have more security guards than social workers, according to a new study‚Ä¶ https://t.co/0hhitMSnaD",0.6697,0.256,0.0,0.744,5
CNN,Wed Sep 05 12:25:15 +0000 2018,The real reason Bob Woodward's book is so damaging for Trump | Analysis by @CillizzaCNN https://t.co/vOrHiyjVcD https://t.co/wk5NVFmVWW,-0.6418,0.0,0.22,0.78,6
CNN,Wed Sep 05 12:12:03 +0000 2018,Special counsel Robert Mueller's prosecutors have responded to the latest proposal from President Trump's legal tea‚Ä¶ https://t.co/EIYFl8YLCJ,0.4939,0.219,0.0,0.781,7
CNN,Wed Sep 05 12:09:12 +0000 2018,"RT @CNNMoney: Summer's over. Now investors have to get ready for a rough fall. 

Darius Dale, managing director at Hedgeye Risk Management,‚Ä¶",0.1027,0.106,0.089,0.805,8
CNN,Wed Sep 05 12:00:06 +0000 2018,A former Philadelphia police officer who shot and killed a man as he ran away after a traffic stop was charged in t‚Ä¶ https://t.co/a9gIfZEKSG,-0.8176,0.0,0.321,0.679,9
CNN,Wed Sep 05 11:50:07 +0000 2018,Amazon CEO Jeff Bezos just donated $10 million to a group that helps veterans get elected https://t.co/dgDqYLGfNL https://t.co/dj382eRaAe,0.5106,0.223,0.0,0.777,10
CNN,Wed Sep 05 11:40:06 +0000 2018,What the history of overruled Supreme Court cases means for Roe v. Wade https://t.co/pFpOqgOHxX https://t.co/TGWj6Zof08,0.5574,0.205,0.0,0.795,11
CNN,Wed Sep 05 11:30:03 +0000 2018,You can now get kicked off Uber in Australia for being rude to drivers https://t.co/QDtrZXltiD https://t.co/XZBuHCudIC,-0.4588,0.0,0.167,0.833,12
CNN,Wed Sep 05 11:23:03 +0000 2018,"5 things for Wednesday:

- White House
- Supreme Court confirmation hearing
- Politics
- Tropical weather
- Inactiv‚Ä¶ https://t.co/zGU5e5PwtI",0.5574,0.217,0.0,0.783,13
CNN,Wed Sep 05 11:13:46 +0000 2018,Toyota is recalling 1 million hybrid vehicles worldwide over a potential risk of catching fire‚Ä¶ https://t.co/6n5oLJPyF6,-0.2732,0.0,0.139,0.861,14
CNN,Wed Sep 05 10:55:01 +0000 2018,These vintage photos reveal the magical origin story of Disneyland https://t.co/Tb3JjVdeHx https://t.co/iLxpKeuajh,0.0,0.0,0.0,1.0,15
CNN,Wed Sep 05 10:40:03 +0000 2018,The Justice Department has launched an investigation into the FBI's handling of sexual abuse allegations against fo‚Ä¶ https://t.co/yPa86wN8Tv,-0.0772,0.203,0.174,0.622,16
CNN,Wed Sep 05 10:30:59 +0000 2018,"Trump's approval rating drop looks real, and it could be a disaster for the GOP in 2018 | Analysis by‚Ä¶ https://t.co/byYIKjdVGi",-0.4767,0.123,0.245,0.632,17
CNN,Wed Sep 05 10:19:55 +0000 2018,"""We won? We won?""

This is the moment Ayanna Pressley learned she had won the House primary in Massachusetts, becom‚Ä¶ https://t.co/FeyoyQ0Q35",0.8299,0.29,0.0,0.71,18
CNN,Wed Sep 05 10:11:17 +0000 2018,"Nearly 4 million children in the UK live in households that struggle to afford fruit, vegetables and other foods co‚Ä¶ https://t.co/bnuXn8Tqbh",-0.3182,0.0,0.108,0.892,19
CNN,Wed Sep 05 09:55:44 +0000 2018,A former Philadelphia police officer who shot and killed a man as he ran away after a traffic stop was charged in t‚Ä¶ https://t.co/v8fY7Basgt,-0.8176,0.0,0.321,0.679,20
CNN,Wed Sep 05 09:51:20 +0000 2018,"If the election for President were held today, only 36% of likely 2018 voters said that they would definitely vote‚Ä¶ https://t.co/bN0lXBdBcJ",0.4019,0.119,0.0,0.881,21
CNN,Wed Sep 05 09:21:30 +0000 2018,"Protesters dressed as characters from ""The Handmaid's Tale"" sent a silent message at Brett Kavanaugh's Supreme Cour‚Ä¶ https://t.co/tlQ3EEREIv",0.4019,0.176,0.093,0.732,22
CNN,Wed Sep 05 08:51:32 +0000 2018,"The mayor of the town of Cebu was killed on Wednesday, two months after two other town mayors were shot in other pa‚Ä¶ https://t.co/vA2A3y74yV",-0.6705,0.0,0.164,0.836,23
CNN,Wed Sep 05 08:36:00 +0000 2018,His public stance on climate change is in opposition to near universally accepted science. https://t.co/gAysushVmQ,0.2732,0.13,0.0,0.87,24
CNN,Wed Sep 05 08:24:48 +0000 2018,"Theranos, the Silicon Valley startup whose founder faces fraud charges, is preparing to wind down its business https://t.co/thDLv6ZM6v",-0.7096,0.0,0.269,0.731,25
CNN,Wed Sep 05 08:14:44 +0000 2018,10 pubs you need to visit in London https://t.co/9ytFew8gH7 https://t.co/cgDqt7Iq1D,0.0,0.0,0.0,1.0,26
CNN,Wed Sep 05 08:07:13 +0000 2018,"Monica Lewinsky walking off stage was an act of self-preservation and self-respect, writes Jill Filipovic for‚Ä¶ https://t.co/aXvLmz8aui",0.0,0.0,0.0,1.0,27
CNN,Wed Sep 05 08:01:02 +0000 2018,Nike's decision to use Colin Kaepernick as the face of its latest advertising campaign has some sports fans destroy‚Ä¶ https://t.co/lC79Q0olu6,0.0,0.0,0.0,1.0,28
CNN,Wed Sep 05 07:53:39 +0000 2018,"In one corner is Bobi Wine, affectionately known in Uganda as ""the Ghetto President."" In the other is the real Pres‚Ä¶ https://t.co/Mtdva6bYOn",0.4939,0.132,0.0,0.868,29
CNN,Wed Sep 05 07:46:05 +0000 2018,"Colin Kaepernick sells, Nike has calculated https://t.co/pPekHDdYML",0.0,0.0,0.0,1.0,30
CNN,Wed Sep 05 07:38:40 +0000 2018,These vintage photos reveal the magical origin story of Disneyland https://t.co/vHItirN1zx https://t.co/h6ucFUabaG,0.0,0.0,0.0,1.0,31
CNN,Wed Sep 05 07:31:05 +0000 2018,Bob Woodward's peek behind the Trump curtain is 100% as terrifying as we feared | Analysis by @CillizzaCNN‚Ä¶ https://t.co/idmB3ohkQO,-0.7845,0.0,0.301,0.699,32
CNN,Wed Sep 05 07:22:08 +0000 2018,"President Trump called Bob Woodward on August 14, alarmed that the veteran journalist was publishing a new book on‚Ä¶ https://t.co/HB5T1vVvRL",-0.34,0.0,0.118,0.882,33
CNN,Wed Sep 05 07:14:05 +0000 2018,"President Trump's closest aides stole papers off his desk to stop what they saw as his most dangerous impulses, Bob‚Ä¶ https://t.co/CTHV7zDv1z",-0.6801,0.0,0.227,0.773,34
CNN,Wed Sep 05 07:02:05 +0000 2018,"President Trump said clean-up after his Charlottesville comments was the ""biggest f---ing mistake I've made,"" accor‚Ä¶ https://t.co/vmqumAonkL",-0.34,0.0,0.13,0.87,35
CNN,Wed Sep 05 07:01:00 +0000 2018,"Painstaking work goes into carving these massive sand sculptures, which can weigh 15,000 pounds. Artists explain th‚Ä¶ https://t.co/WtLpTpAtZS",0.0,0.0,0.0,1.0,36
CNN,Wed Sep 05 06:51:06 +0000 2018,The real reason Bob Woodward's book is so damaging for Trump | Analysis by @CillizzaCNN https://t.co/sj2GmIwhQU https://t.co/3TQxOe490g,-0.6418,0.0,0.22,0.78,37
CNN,Wed Sep 05 06:42:08 +0000 2018,Executives from Facebook and Twitter will appear at hearings on Capitol Hill today https://t.co/RV9qBjMTgV,0.0,0.0,0.0,1.0,38
CNN,Wed Sep 05 06:31:02 +0000 2018,The largest nail manufacturer in the United States continues to lay off workers as it fights against crippling stee‚Ä¶ https://t.co/ACgFSLvNYv,0.0258,0.119,0.115,0.766,39
CNN,Wed Sep 05 06:19:02 +0000 2018,"If Bob Woodward is right, the United States and the world face an imminent, dangerous emergency, writes @stcollinson https://t.co/t4NsjBqwo8",-0.4404,0.114,0.233,0.653,40
CNN,Wed Sep 05 06:16:00 +0000 2018,"Amazon is officially a $1 trillion company. Less than a year ago, it was worth half of what it is now.‚Ä¶ https://t.co/842p3SW3uE",0.3818,0.167,0.0,0.833,41
CNN,Wed Sep 05 06:09:01 +0000 2018,"The parents of a Penn State University student, who died in a hazing ritual while pledging for Beta Theta Pi frater‚Ä¶ https://t.co/4ha5V4uXLj",-0.5574,0.0,0.159,0.841,42
CNN,Wed Sep 05 06:01:06 +0000 2018,"President Trump's lawyer warned him of an ""orange jump suit"" if he testifies to Robert Mueller, according to a new‚Ä¶ https://t.co/cvUjvgXruo",-0.2732,0.0,0.1,0.9,43
CNN,Wed Sep 05 05:50:50 +0000 2018,"Richard Liu, the billionaire founder and CEO of Chinese tech company https://t.co/Ij1jEiHRBJ, was arrested last wee‚Ä¶ https://t.co/xgnGX6lxli",-0.4767,0.0,0.162,0.838,44
CNN,Wed Sep 05 05:46:00 +0000 2018,"There's no place like home. A pair of ruby slippers Judy Garland wore in ""The Wizard of Oz"" were found 13 years aft‚Ä¶ https://t.co/xlmZN8gioV",0.0772,0.097,0.086,0.817,45
CNN,Wed Sep 05 05:31:03 +0000 2018,"How Nike's ""Just do it"" became a slogan about activism, too https://t.co/EPksxwv6nM https://t.co/hlqE28oG2u",0.0,0.0,0.0,1.0,46
CNN,Wed Sep 05 05:16:00 +0000 2018,This Harry's factory in Germany makes 3 million razor blades -- every single day https://t.co/MELRtwCDht https://t.co/QFEjKVBxAs,0.0,0.0,0.0,1.0,47
CNN,Wed Sep 05 05:12:08 +0000 2018,The two Reuters journalists were sentenced to seven years of hard labor in Myanmar while covering the Rohingya cris‚Ä¶ https://t.co/CBRDGBAGvZ,-0.128,0.0,0.122,0.878,48
CNN,Wed Sep 05 05:01:04 +0000 2018,"President Trump's closest aides stole papers off his desk to stop what they saw as his most dangerous impulses, Bob‚Ä¶ https://t.co/9ePxXUKD17",-0.6801,0.0,0.227,0.773,49
CNN,Wed Sep 05 04:46:00 +0000 2018,Billionaire investor Warren Buffett: ‚ÄúI don‚Äôt see people migrating from the capitalist system to socialist systems‚Ä¶‚Ä¶ https://t.co/mC68DLnTTT,0.0,0.0,0.0,1.0,50
CNN,Wed Sep 05 04:31:09 +0000 2018,A group of women dressed as handmaids ‚Äî a reference to Margaret Atwood's ‚ÄúThe Handmaid‚Äôs Tale‚Äù ‚Äî appeared outside t‚Ä¶ https://t.co/bZSgkFnOcm,0.0,0.0,0.0,1.0,51
CNN,Wed Sep 05 04:16:00 +0000 2018,A Wisconsin man discovered that a co-worker and friend of two years is actually his biological father‚Ä¶ https://t.co/ueutgKtEtq,0.4939,0.176,0.0,0.824,52
CNN,Wed Sep 05 04:08:02 +0000 2018,10-term Rep. Michael Capuano has conceded defeat to Boston city councilor Ayanna Pressley in the Massachusetts prim‚Ä¶ https://t.co/5KIJuYORV6,-0.4588,0.0,0.15,0.85,53
CNN,Wed Sep 05 04:01:10 +0000 2018,"President Trump has called AG Jeff Sessions ""mentally retarded"" and a ""dumb Southerner,"" according to Bob Woodward'‚Ä¶ https://t.co/AWJRnEZR2A",-0.7906,0.0,0.318,0.682,54
CNN,Wed Sep 05 03:52:04 +0000 2018,US Secretary of State Mike Pompeo will talk tough on terrorism to Pakistan and attempt to strengthen his country's‚Ä¶ https://t.co/MZA5ucFlXu,-0.5859,0.091,0.24,0.669,55
CNN,Wed Sep 05 03:46:03 +0000 2018,"Inside Craig Melvin's promotion on NBC's ""Today"" https://t.co/xF18UADZD9 https://t.co/kbKBDei8hm",0.0,0.0,0.0,1.0,56
CNN,Wed Sep 05 03:31:06 +0000 2018,"""There is a part of this Nike outrage that seems based more on the principals than the principles,"" LZ Granderson w‚Ä¶ https://t.co/dnMqO9R2cW",-0.5106,0.0,0.142,0.858,57
CNN,Wed Sep 05 03:16:07 +0000 2018,How internet companies could be giving you a lot more privacy | via @CNNOpinion by Kara Alaimo‚Ä¶ https://t.co/3WdSzD0KlJ,0.34,0.138,0.0,0.862,58
CNN,Wed Sep 05 03:11:06 +0000 2018,Serena Williams sees off Karolina Pliskova to make the #USOpen semifinals https://t.co/r9G7z4dBQC https://t.co/yNtPLMOyl8,0.0,0.0,0.0,1.0,59
CNN,Wed Sep 05 03:01:02 +0000 2018,"Fred Guttenberg, the father of a slain Parkland student, says he approached Supreme Court nominee Brett Kavanaugh a‚Ä¶ https://t.co/BurLyTxXRO",0.5574,0.175,0.0,0.825,60
CNN,Wed Sep 05 02:47:51 +0000 2018,RT @CuomoPrimeTime: .@ChrisCuomo: We don‚Äôt know why Judge¬†Kavanaugh turned away from a Parkland father today ‚Äì‚Äì but how we disagree matters‚Ä¶,-0.5267,0.0,0.145,0.855,61
CNN,Wed Sep 05 02:46:09 +0000 2018,President Donald Trump criticized Nike's decision to make Colin Kaepernick one of the faces of its 30th anniversary‚Ä¶ https://t.co/5XsjsxkK69,-0.3612,0.0,0.122,0.878,62
CNN,Wed Sep 05 02:36:08 +0000 2018,"Ayanna Pressley became the latest primary challenger to upset a sitting Democratic member of Congress, defeating Ma‚Ä¶ https://t.co/ybYdS068o5",-0.5719,0.072,0.251,0.676,63
CNN,Wed Sep 05 02:33:22 +0000 2018,"Nike's stock fell after it unveiled a new ad campaign featuring Colin Kaepernick, the former San Francisco 49ers qu‚Ä¶ https://t.co/saSclMW9os",0.0,0.0,0.0,1.0,64
CNN,Wed Sep 05 02:31:00 +0000 2018,Billionaire investor Warren Buffett explains why he believes the rich should give their wealth away‚Ä¶ https://t.co/fFUdwfC7Xd,0.7783,0.327,0.0,0.673,65
CNN,Wed Sep 05 02:16:00 +0000 2018,Cystic fibrosis didn't define Claire Wineland. She did. https://t.co/wdODGpQN8U https://t.co/416oCygeNU,0.0,0.0,0.0,1.0,66
CNN,Wed Sep 05 02:08:02 +0000 2018,"Bob Woodward reveals Donald Trump as the ""King Baby of presidents, a man who is incapable of rising to the demands‚Ä¶ https://t.co/pUkABBbEhk",-0.3818,0.0,0.115,0.885,67
CNN,Wed Sep 05 02:01:00 +0000 2018,"After three years in the trenches of Facebook's war against disinformation, former security chief Alex Stamos says‚Ä¶ https://t.co/eguj2avbw9",-0.3612,0.108,0.175,0.717,68
CNN,Wed Sep 05 01:55:49 +0000 2018,RT @CuomoPrimeTime: ‚ÄúYou can't keep breaking every rule of decency and not think it's going to come to bite you in the behind at some point‚Ä¶,0.0,0.0,0.0,1.0,69
CNN,Wed Sep 05 01:51:00 +0000 2018,"Amazon is officially a $1 trillion company. Less than a year ago, it was worth half of what it is now.‚Ä¶ https://t.co/Nke57AAbW2",0.3818,0.167,0.0,0.833,70
CNN,Wed Sep 05 01:48:48 +0000 2018,"RT @CuomoPrimeTime: ‚ÄúThere's a wave sweeping through this party,‚Äù @VanJones68 reflects on yet another Democratic primary upset, this time i‚Ä¶",-0.3818,0.0,0.126,0.874,71
CNN,Wed Sep 05 01:42:36 +0000 2018,"10-term Rep. Michael Capuano has conceded defeat to Boston city councilor Ayanna Pressley, the latest upset to rock‚Ä¶ https://t.co/oW5xcw6lvf",-0.6808,0.0,0.248,0.752,72
CNN,Wed Sep 05 01:41:00 +0000 2018,This Harry's factory in Germany makes 3 million razor blades -- every single day https://t.co/MELRtwCDht https://t.co/C0Zr2FiWgy,0.0,0.0,0.0,1.0,73
CNN,Wed Sep 05 01:36:09 +0000 2018,"Nike's stock fell after it unveiled a new ad campaign featuring Colin Kaepernick, the former San Francisco 49ers qu‚Ä¶ https://t.co/PC6cUSd4o8",0.0,0.0,0.0,1.0,74
CNN,Wed Sep 05 01:31:00 +0000 2018,"There's no place like home. A pair of ruby slippers Judy Garland wore in ""The Wizard of Oz"" were found 13 years aft‚Ä¶ https://t.co/WjWApo8wfH",0.0772,0.097,0.086,0.817,75
CNN,Wed Sep 05 01:21:06 +0000 2018,This 84-year-old hurricane hunter has flown into the eye of 574 storms. He's not done yet https://t.co/h5hT3FGakc https://t.co/n7N1gtvrRe,0.0,0.0,0.0,1.0,76
CNN,Wed Sep 05 01:16:12 +0000 2018,RT @AC360: Democratic @SenWhitehouse slams Judge Kavanaugh for his pledge today to be a neutral arbiter of the law if confirmed to the Supr‚Ä¶,0.0,0.0,0.0,1.0,77
CNN,Wed Sep 05 01:10:05 +0000 2018,"Monica Lewinsky walking off stage was an act of self-preservation and self-respect, writes Jill Filipovic for‚Ä¶ https://t.co/KsBQQy6dfu",0.0,0.0,0.0,1.0,78
CNN,Wed Sep 05 01:01:06 +0000 2018,Mueller's prosecutors have responded to the latest proposal from Trump's legal team regarding a possible interview‚Ä¶ https://t.co/CihJ9HzPeJ,0.128,0.091,0.0,0.909,79
CNN,Wed Sep 05 00:51:03 +0000 2018,"GoFundMe said it is working with law enforcement to ensure a homeless man receives all of the nearly $400,000 raise‚Ä¶ https://t.co/0lDjnzZa1q",0.3818,0.12,0.0,0.88,80
CNN,Wed Sep 05 00:45:34 +0000 2018,"RT @OutFrontCNN: Thirteen years after a smash-and-grab, a missing and mismatched pair of Dorothy's famed ruby red slippers have been recove‚Ä¶",-0.296,0.0,0.109,0.891,81
CNN,Wed Sep 05 00:41:05 +0000 2018,"How Nike's ""Just do it"" became a slogan about activism, too https://t.co/A6WCLMDfUu https://t.co/ChDRDocl4X",0.0,0.0,0.0,1.0,82
CNN,Wed Sep 05 00:33:02 +0000 2018,"RT @AC360: .@carlbernstein: ""This is deadly serious. Nobody should take any kind of comfort from this book or joy at what Bob [Woodward] re‚Ä¶",0.6915,0.212,0.046,0.742,83
CNN,Wed Sep 05 00:31:04 +0000 2018,"A federal court concluded that there is ""insufficient time"" before the November midterm elections to redraw an elec‚Ä¶ https://t.co/fmzOyaCeG7",0.0,0.0,0.0,1.0,84
CNN,Wed Sep 05 00:22:40 +0000 2018,"RT @AC360: ‚ÄúWho are you going to believe on this one? President Trump‚Ä¶ or President Trump?‚Äù

@AndersonCooper on President Trump‚Äôs dueling o‚Ä¶",0.0,0.0,0.0,1.0,85
CNN,Wed Sep 05 00:22:09 +0000 2018,"About one in three women and nearly one in four men does not exercise enough to avoid common diseases, a new global‚Ä¶ https://t.co/yY9Z8SeW3Q",-0.296,0.0,0.095,0.905,86
CNN,Wed Sep 05 00:20:22 +0000 2018,Why is Warren Buffett launching a health care company? He tells @PoppyHarlowCNN the current health care system is b‚Ä¶ https://t.co/9y1yjkZG5m,0.7506,0.274,0.0,0.726,87
CNN,Wed Sep 05 00:15:50 +0000 2018,"RT @OutFrontCNN: ""I think the American people will find out what a dangerous nominee this person will be as the fifth vote on the Supreme C‚Ä¶",0.128,0.121,0.104,0.774,88
CNN,Wed Sep 05 00:11:05 +0000 2018,"President Trump said clean-up after his Charlottesville comments was the ""biggest f---ing mistake I've made,"" accor‚Ä¶ https://t.co/CX9YN6ClCx",-0.34,0.0,0.13,0.87,89
CNN,Wed Sep 05 00:09:17 +0000 2018,Exclusive: Meet Facebook's top troll hunter https://t.co/Y8QVPujjS1 https://t.co/lfMrjEmHxF,0.3182,0.355,0.0,0.645,90
CNN,Wed Sep 05 00:05:56 +0000 2018,"""I went up to him as a dad. ... I don't go home to my complete family anymore. My daughter was killed."" - Fred Gutt‚Ä¶ https://t.co/7fMZFve8e1",0.0,0.0,0.0,1.0,91
CNN,Tue Sep 04 23:57:25 +0000 2018,Capitol Police arrest 70 people on the first day of Brett Kavanaugh's Supreme Court confirmation hearings‚Ä¶ https://t.co/UYQNleMLTp,0.296,0.171,0.114,0.714,92
CNN,Tue Sep 04 23:50:40 +0000 2018,"RT @CNNSitRoom: ""You couldn't have a portrait of someone that was more unfit for the office of President than Donald Trump ... what's most‚Ä¶",0.0,0.0,0.0,1.0,93
CNN,Tue Sep 04 23:50:19 +0000 2018,"RT @CNNSitRoom: Warnings of an ""orange jump suit,"" insults galore, and reports of stolen papers for the sake of protecting the country - ju‚Ä¶",-0.802,0.0,0.291,0.709,94
CNN,Tue Sep 04 23:46:26 +0000 2018,The Bob Woodward book's most frightening message | @CNNOpinion by Juliette Kayyem https://t.co/Ysaf5Sm5CU https://t.co/FjlnOm9kCI,-0.5413,0.0,0.225,0.775,95
CNN,Tue Sep 04 23:35:03 +0000 2018,"""How many people have to die before it's a matter of peace and security?"" US Ambassador to the United Nations Nikki‚Ä¶ https://t.co/pyrrffqynF",0.3612,0.261,0.138,0.601,96
CNN,Tue Sep 04 23:33:00 +0000 2018,"After 13 years, authorities have finally recovered a pair of ruby red slippers worn by Judy Garland in ""The Wizard‚Ä¶ https://t.co/rNe2Uq3UyG",-0.296,0.0,0.104,0.896,97
CNN,Tue Sep 04 23:26:28 +0000 2018,Why Nike is betting its slogan on Colin Kaepernick https://t.co/JTmCkYQTXP https://t.co/za7RjbbY7d,0.0,0.0,0.0,1.0,98
CNN,Tue Sep 04 23:19:08 +0000 2018,"A day after The New Yorker rescinded its invitation for Steve Bannon to attend its annual festival, The Economist s‚Ä¶ https://t.co/1Lg7D94MIM",0.4939,0.144,0.0,0.856,99
Fox,Tue Sep 04 17:44:58 +0000 2018,@amelielamont üôãüèª,0.0,0.0,0.0,1.0,0
Fox,Mon Sep 03 23:11:00 +0000 2018,"@justkelly_ok omg, see you there!",0.0,0.0,0.0,1.0,1
Fox,Mon Sep 03 22:37:42 +0000 2018,"I can‚Äôt even begin to grasp how many amazing people are going to be at @xoxo later this week. So excited!

Say hi, don‚Äôt be a stranger! üëãüèªüíñ",0.7951,0.228,0.0,0.772,2
Fox,Thu Aug 30 00:10:58 +0000 2018,"RT @css: A new Chrome feature dubbed ""Blink LazyLoad"" is designed to dramatically improve performance by deferring the load of below-the-fo‚Ä¶",0.296,0.128,0.075,0.796,3
Fox,Fri Aug 24 00:29:24 +0000 2018,"I‚Äôm so happy I work at a company that deeply cares about, tracks, stays humble and makes no excuses for pitfalls in‚Ä¶ https://t.co/IgZJlMkP07",0.7258,0.265,0.08,0.655,4
Fox,Wed Aug 22 03:39:28 +0000 2018,"RT @fox: üëãüèªI‚Äôm selling a bit of Apple gear in excellent condition, Melbourne only. Retweets welcome. Reply or email if you‚Äôre interested.‚Ä¶",0.7717,0.261,0.0,0.739,5
Fox,Tue Aug 21 23:51:22 +0000 2018,"A friendly reminder that Guetzli, Google‚Äôs open source JPEG encoder, might be slower but can yield even up to 50% a‚Ä¶ https://t.co/FN26irQYi8",0.2732,0.095,0.0,0.905,6
Fox,Mon Aug 20 23:03:43 +0000 2018,"Lazy loading content can be a very powerful performance strategy. Unfortunately, often it‚Äôs complicated to implemen‚Ä¶ https://t.co/ZHbSmxFB25",-0.204,0.147,0.233,0.619,7
Fox,Mon Aug 20 00:00:09 +0000 2018,"üëãüèªI‚Äôm selling a bit of Apple gear in excellent condition, Melbourne only. Retweets welcome. Reply or email if you‚Äôr‚Ä¶ https://t.co/Kift5NHw9e",0.7717,0.283,0.0,0.717,8
Fox,Thu Aug 09 04:56:06 +0000 2018,"@j2h @benschwarz I get off twitter and this is what happens? what is this bromance, Josh??? should I feel threatened? üòÇ",-0.6072,0.0,0.189,0.811,9
Fox,Wed Aug 08 02:12:41 +0000 2018,"We all need a bit of good news in those disturbing times‚Äîhere‚Äôs where @goodgoodgood delivers. 

https://t.co/T5qhMKd4aY",-0.1027,0.151,0.172,0.677,10
Fox,Wed Aug 08 02:10:53 +0000 2018,"I travel a bit and carefully choose where I stay, eat and go (uh, the designer struggle). I üòç @sabrina‚Äôs‚Ä¶ https://t.co/f43vmBg3DW",0.128,0.091,0.0,0.909,11
Fox,Wed Aug 08 02:08:41 +0000 2018,I‚Äôve recently subscribed to @jkglei‚Äôs newsletter and never looked back. Love the focus on thoughtful technology and‚Ä¶ https://t.co/m28bMmSEBV,-0.1945,0.118,0.153,0.728,12
Fox,Wed Aug 08 02:07:07 +0000 2018,"If customer success, culture, growth and product are your jam, I couldn‚Äôt recommend @helpscout‚Äôs newsletters more.‚Ä¶ https://t.co/8ji9mKMLeX",0.8316,0.404,0.0,0.596,13
Fox,Wed Aug 08 01:59:38 +0000 2018,"I have been enjoying @intercom newsletters for product, marketing and startup tips. The quality has always been ama‚Ä¶ https://t.co/fA9fw1KXIt",0.5267,0.167,0.0,0.833,14
Fox,Wed Aug 08 01:57:04 +0000 2018,"The Daily Good from @thegoodtrade covers conscious, sustainable fashion, wellbeing, beauty, food, lifestyle and tra‚Ä¶ https://t.co/qmAOyGcm9i",0.7717,0.324,0.0,0.676,15
Fox,Wed Aug 08 01:54:45 +0000 2018,Friday is one of my favourite days because of @girlsnightinHQ. A perfect encapsulation of self-care and womanhood.‚Ä¶ https://t.co/HhI1mGfXe8,0.5719,0.188,0.0,0.812,16
Fox,Wed Aug 08 01:50:21 +0000 2018,"I love @offscreenmag Dispatch. Great productivity tools, services and design objects all wrapped up in a lovely des‚Ä¶ https://t.co/lR8tsWKGNw",0.9201,0.464,0.0,0.536,17
Fox,Wed Aug 08 01:48:16 +0000 2018,Here are my favourite newsletters (it‚Äôs now the primary way I discover content as I‚Äôve mostly ditched reading social media). ‚Üì,0.0,0.0,0.0,1.0,18
Fox,Tue Aug 07 23:32:22 +0000 2018,RT @6Gems: Black women are paid 38% less than white men. I support equal pay‚Äîbecause #38PercentCounts. https://t.co/mXFOdcL8Q3,0.4019,0.153,0.0,0.847,19
Fox,Tue Aug 07 23:32:15 +0000 2018,"If you‚Äôre up for a conference-grade talk about UX and groundbreaking performance strategies, come to see‚Ä¶ https://t.co/x2sghiw62F",0.0,0.0,0.0,1.0,20
Fox,Tue Aug 07 23:28:56 +0000 2018,"RT @Calibreapp: Scheduler 2.0

Our longest standing feature request was to improve Calibre‚Äôs test scheduler. That‚Äôs exactly what we‚Äôve done‚Ä¶",0.4404,0.132,0.0,0.868,21
Fox,Tue Aug 07 23:06:06 +0000 2018,"RT @fox: Hey #dddperth, here are the slides with all the references from my keynote about building a welcoming, ethical Web! Transcript com‚Ä¶",0.7574,0.245,0.0,0.755,22
Fox,Sat Aug 04 03:47:44 +0000 2018,"@LNRBLB thank you, Eleanor! üéâ",0.4199,0.482,0.0,0.518,23
Fox,Sat Aug 04 03:27:03 +0000 2018,@cckate thank you! üíñ,0.4199,0.583,0.0,0.417,24
Fox,Sat Aug 04 03:12:25 +0000 2018,"Hey #dddperth, here are the slides with all the references from my keynote about building a welcoming, ethical Web!‚Ä¶ https://t.co/hPilGINzyI",0.7574,0.276,0.0,0.724,25
Fox,Sat Aug 04 03:05:32 +0000 2018,"@Chisa omg, this is so great! thank you, Teresa! üòç",0.8626,0.551,0.0,0.449,26
Fox,Sat Aug 04 03:04:39 +0000 2018,RT @andreabedini: I am extremely grateful to @fox for showing me today how technology became anti-human while we weren‚Äôt paying attention.‚Ä¶,0.5095,0.148,0.0,0.852,27
Fox,Sat Aug 04 03:04:32 +0000 2018,"@andreabedini thank you, Andrea! I‚Äôm glad you‚Äôve found it useful!",0.8395,0.562,0.0,0.438,28
Fox,Sat Aug 04 03:03:40 +0000 2018,"@evandotly thank you, Evan! üå∏",0.4199,0.482,0.0,0.518,29
Fox,Sat Aug 04 03:03:16 +0000 2018,RT @msandfor: #dddperth We must build ethical thinking into the way we build software https://t.co/F4QKYOVT1p,0.5106,0.191,0.0,0.809,30
Fox,Sat Aug 04 03:03:07 +0000 2018,RT @MichelePlayfair: Thread ‚òùÔ∏è‚òùÔ∏è 8 principles of ethics in tech from @fox at #DDDPerth üëè,0.0,0.0,0.0,1.0,31
Fox,Sat Aug 04 03:02:36 +0000 2018,@samwilson yes :),0.6908,0.851,0.0,0.149,32
Fox,Sat Aug 04 03:01:15 +0000 2018,"RT @Amys_Kapers: Until anyone can survive and thrive on the web, no matter their background, gender, ethnicity, etc, the web isn't a welcom‚Ä¶",-0.2732,0.047,0.094,0.858,33
Fox,Sat Aug 04 03:00:55 +0000 2018,RT @MichelePlayfair: . @fox dropping the keynote truth bombs at #dddperth https://t.co/RKAgOSozMB,0.3182,0.187,0.0,0.813,34
Fox,Sat Aug 04 03:00:48 +0000 2018,"RT @Mandy_Kerr: ‚ÄúDisruption isn‚Äôt a getaway free card to bypass laws, freedoms, moral compass, civil rights and human protections‚Äù - @fox #‚Ä¶",0.6705,0.234,0.0,0.766,35
Fox,Sat Aug 04 02:43:00 +0000 2018,RT @Chisa: TOO much good stuff from @Fox @dddperth #dddperth https://t.co/XVI1DHGQdd,0.4404,0.225,0.0,0.775,36
Fox,Sat Aug 04 02:42:39 +0000 2018,RT @kylietimpani: I cannot applaud or amplify @fox‚Äôs message enough: the web is at a crisis point. Tech is unethical. Exclusionary. A platf‚Ä¶,-0.8714,0.0,0.368,0.632,37
Fox,Sat Aug 04 02:42:17 +0000 2018,RT @Caiwrote: @fox laying down some truths #DDDPerth https://t.co/o2eJNcU5UQ,0.4215,0.259,0.0,0.741,38
Fox,Sat Aug 04 02:41:59 +0000 2018,"RT @Mandy_Kerr: ‚ÄúTechnology should be a mindful, quiet companion to our lives‚Äù - @fox #DDDPerth https://t.co/vB6wBAdqvr",0.0,0.0,0.0,1.0,39
Fox,Sat Aug 04 02:41:51 +0000 2018,"RT @LJKenward: Opening #DDDPerth is the incredible @fox with Towards a welcoming Web.

The Pitfalls of Technology:

Move fast and break thi‚Ä¶",0.4404,0.127,0.0,0.873,40
Fox,Fri Aug 03 08:49:38 +0000 2018,I forgot that Twitter is the epicentre of harassment and anxiety-inducing content. Back to sharing via Buffer and n‚Ä¶ https://t.co/jiBOURbIKk,-0.1779,0.12,0.15,0.73,41
Fox,Fri Aug 03 08:20:43 +0000 2018,"RT @evan_greer: Sarah Jeong is a badass &amp; reverse racism is not a thing
 Sarah Jeong is a badass &amp; reverse racism is not a thing
 Sarah Jeo‚Ä¶",-0.886,0.0,0.363,0.637,42
Fox,Fri Aug 03 07:24:56 +0000 2018,"It‚Äôs a privilege to be opening #dddperth tomorrow morning! Come and find out how to build an ethical, welcoming Web‚Ä¶ https://t.co/eC1xTFZ3YR",0.8398,0.346,0.0,0.654,43
Fox,Fri Aug 03 07:21:15 +0000 2018,RT @verge: A note from the editors of The Verge https://t.co/B3wF4dNukg https://t.co/fhgvH9WlkC,0.0,0.0,0.0,1.0,44
Fox,Thu Aug 02 04:10:03 +0000 2018,"What are your favourite newsletters covering the following subjects: tech, design, front-end, culture, design objects, travel, well-being?",0.0,0.0,0.0,1.0,45
Fox,Wed Aug 01 22:42:57 +0000 2018,"@soxyface Thank you, it was lovely meeting you! üíê",0.7644,0.524,0.0,0.476,46
Fox,Wed Aug 01 21:37:21 +0000 2018,"@sentience Thank you! I really enjoyed yours too! 

I‚Äôm doing a 45-min version at @DDDPerth this weekend that has m‚Ä¶ https://t.co/Drn3ODuLx2",0.7702,0.282,0.0,0.718,47
Fox,Wed Aug 01 06:18:32 +0000 2018,@soxyface @MsJonesInSydney here are the slides with all the references. üôáüèª‚Äç‚ôÄÔ∏è I will publish a transcript next week! https://t.co/EcSUpoi0Rw,0.0,0.0,0.0,1.0,48
Fox,Wed Aug 01 06:16:28 +0000 2018,@marcosc thank you! üôáüèª‚Äç‚ôÄÔ∏è,0.4199,0.482,0.0,0.518,49
Fox,Wed Aug 01 06:13:13 +0000 2018,"RT @MsJonesInSydney: The theme at #Code18 #CodeLeaders is strong! @fox is currently highlighting algorithmic bias, tech ethics and exclusio‚Ä¶",0.4926,0.163,0.064,0.773,50
Fox,Wed Aug 01 06:12:58 +0000 2018,"@DivZero_ indeed, it‚Äôs all challenging and often depressing, but if we don‚Äôt take action it won‚Äôt get any better. i‚Ä¶ https://t.co/lldW02OHPv",0.5187,0.206,0.072,0.721,51
Fox,Wed Aug 01 02:35:19 +0000 2018,"So refreshing to hear @johnallsopp reminding about inclusion, diversity and sharing knowledge around these subjects‚Ä¶ https://t.co/Ink4d4W7m5",0.4215,0.157,0.0,0.843,52
Fox,Wed Aug 01 02:32:40 +0000 2018,"Well, @msjonesinsydney definitely knows how to drop the mic on horrifying diversity and inclusion stats. 

A fantas‚Ä¶ https://t.co/GeLolnfgEm",-0.25,0.203,0.246,0.551,53
Fox,Wed Aug 01 02:18:01 +0000 2018,@benschwarz nooo pressure whatsoever,-0.296,0.0,0.423,0.577,54
Fox,Wed Aug 01 02:03:31 +0000 2018,That moment when a white guy says ‚Äùthere aren‚Äôt many women developers‚Äù and you cross eyes with any other woman in t‚Ä¶ https://t.co/033oMUbEl8,0.0,0.0,0.0,1.0,55
Fox,Wed Aug 01 01:53:15 +0000 2018,@Mandy_Kerr the winds have been gracious,0.5574,0.419,0.0,0.581,56
Fox,Tue Jul 31 23:27:35 +0000 2018,@soxyface thank you! I‚Äôm hydrating ‚õ≤Ô∏è,0.4199,0.358,0.0,0.642,57
Fox,Tue Jul 31 22:58:07 +0000 2018,"I‚Äôll be speaking at @webdirections Code Leaders today at 3.30pm (if I don‚Äôt lose my voice in the meantime üòÇü§ß).

Com‚Ä¶ https://t.co/oh0yLrEE0F",-0.4019,0.0,0.119,0.881,58
Fox,Thu Jul 19 22:21:10 +0000 2018,One of the reasons I‚Äôm so excited to be a part of @helpscout is the commitment to building an inclusive culture wit‚Ä¶ https://t.co/6H6GDJ1TON,0.6924,0.222,0.0,0.778,59
Fox,Wed Jul 11 21:30:06 +0000 2018,More Boston snaps. https://t.co/NCcWPSV8yX,0.0,0.0,0.0,1.0,60
Fox,Mon Jul 09 23:35:49 +0000 2018,"RT @helpscout: Said it once, we'll keep saying it: we are thrilled to add you to the team @fox! ü¶ä https://t.co/bKc6GSq6tR",0.4926,0.144,0.0,0.856,61
Fox,Mon Jul 09 20:12:02 +0000 2018,"@mattopsahl lol, offensive",-0.0516,0.412,0.441,0.147,62
Fox,Mon Jul 09 19:43:29 +0000 2018,"@tompedals yay, hello, hi! üëãüèª",0.5707,0.48,0.0,0.52,63
Fox,Mon Jul 09 19:43:13 +0000 2018,"@madalynrose thanks, Madalyn. üíñ",0.4404,0.592,0.0,0.408,64
Fox,Mon Jul 09 19:43:04 +0000 2018,"@andymcmillan weee, thank you!!",0.4738,0.507,0.0,0.493,65
Fox,Mon Jul 09 19:42:56 +0000 2018,@jennwrites üíñüíñüíñ,0.0,0.0,0.0,1.0,66
Fox,Mon Jul 09 19:42:42 +0000 2018,@paulozoom thank you! it is awesome :),0.8718,0.712,0.0,0.288,67
Fox,Mon Jul 09 19:42:27 +0000 2018,@brianloveswords thank you üôáüèª‚Äç‚ôÄÔ∏è,0.3612,0.455,0.0,0.545,68
Fox,Mon Jul 09 19:42:10 +0000 2018,"@patrickhamann thanks, Patrick! üíñ",0.4926,0.615,0.0,0.385,69
Fox,Mon Jul 09 19:41:56 +0000 2018,@lynnandtonic thank you and I will miss you!,0.2942,0.297,0.17,0.532,70
Fox,Mon Jul 09 17:17:20 +0000 2018,"@patrickbjohnson nah, only here for a week. travelling alone so don‚Äôt want to make it a very long trip (hashtag anx‚Ä¶ https://t.co/sdzeg7AUmr",-0.2075,0.072,0.155,0.773,71
Fox,Mon Jul 09 17:06:00 +0000 2018,"@lrnrd thanks, bb üíñ",0.4404,0.592,0.0,0.408,72
Fox,Mon Jul 09 13:04:47 +0000 2018,"@jstn Oh yeah, Coava, Stumptown and Good Coffee are my long standing favs!",0.6588,0.329,0.0,0.671,73
Fox,Mon Jul 09 13:00:00 +0000 2018,"I‚Äôm so spoiled by Melbourne standards I literally cannot drink this liquid that was just served to me as coffee

üòÇüíÄ",0.0,0.0,0.0,1.0,74
Fox,Mon Jul 09 12:42:20 +0000 2018,"I‚Äôm excited to share that today is my first day at @helpscout as a front-end engineer on the design team, which is‚Ä¶ https://t.co/LrW8L2lBcq",0.5574,0.187,0.0,0.813,75
Fox,Mon Jul 09 08:03:22 +0000 2018,"Here lies Karolina, defeated by jetlag after mere three hours of sleep.",-0.7096,0.0,0.371,0.629,76
Fox,Sun Jul 08 19:48:49 +0000 2018,@andrewvijay Everywhere to be honest. That particular one was in the US. That mostly doesn‚Äôt happen in Australia.,0.5106,0.163,0.0,0.837,77
Fox,Sun Jul 08 19:48:11 +0000 2018,@mctrebo Boston,0.0,0.0,0.0,1.0,78
Fox,Sun Jul 08 19:45:15 +0000 2018,"@LukesBeard It‚Äôs the most annoying thing that all social media, including Instagram, butchers the quality of photos‚Ä¶ https://t.co/7y8A7IuLcT",-0.4576,0.0,0.15,0.85,79
Fox,Sun Jul 08 19:06:16 +0000 2018,"‚ÄúPerks‚Äù of traveling alone as a woman: being called ‚Äúhoney‚Äù in all restaurants/stores, being grabbed by the arm by‚Ä¶ https://t.co/ziCifcCI2x",-0.25,0.0,0.1,0.9,80
Fox,Sun Jul 08 17:39:19 +0000 2018,@mattopsahl Oh! I did go to the Boston Common and Public Garden :) will check it out!,0.555,0.193,0.0,0.807,81
Fox,Sun Jul 08 17:37:47 +0000 2018,@amyngyn tbh I specifically look for ‚Äúhealthy‚Äù recipes because I don‚Äôt want all of the sugar / butter / cream in my‚Ä¶ https://t.co/tEki0zBt8v,0.0772,0.067,0.0,0.933,82
Fox,Sun Jul 08 17:34:51 +0000 2018,"Horribly jet lagged and battling anxiety, but Boston sure is pretty. ‚ù§Ô∏è https://t.co/IYfWZjvqLe",0.5499,0.346,0.32,0.334,83
Fox,Sat Jul 07 15:23:42 +0000 2018,@jilljubs Omg me too but I‚Äôm also afraid,0.0,0.0,0.0,1.0,84
Fox,Fri Jul 06 23:22:17 +0000 2018,"Excited to be going to @xoxo this year with @benschwarz! Portland holds a dear place in my heart. 

Can‚Äôt wait to c‚Ä¶ https://t.co/7s7h3Ti8sp",0.6476,0.209,0.0,0.791,85
Fox,Fri Jul 06 23:06:03 +0000 2018,MEL ‚úàÔ∏è LAX ‚úàÔ∏è BOS,0.0,0.0,0.0,1.0,86
Fox,Thu Jul 05 07:54:19 +0000 2018,"@LJKenward @LukeMesiti You both will do great, I‚Äôll be cheering you from a transatlantic flight. üíêüòá",0.8126,0.363,0.0,0.637,87
Fox,Thu Jul 05 00:18:14 +0000 2018,Jeremy was one of our @cssconfau speakers this year and I cannot recommend him more as a developer with a deep pass‚Ä¶ https://t.co/nHFHIPQXtM,-0.2755,0.0,0.1,0.9,88
Fox,Wed Jul 04 00:40:38 +0000 2018,RT @KD: Serena Williams has been drug tested more than all the top five American male athletes and 2x more than top American female athlete‚Ä¶,0.3818,0.135,0.0,0.865,89
Fox,Wed Jul 04 00:15:15 +0000 2018,Great post with actionable advice on user protection in hostile states. https://t.co/LKkLVIx3J4,0.3612,0.246,0.156,0.599,90
Fox,Wed Jul 04 00:11:33 +0000 2018,"@stewartsc hahaha, can‚Äôt make this more perfect, really.",0.8221,0.559,0.0,0.441,91
Fox,Wed Jul 04 00:09:55 +0000 2018,"@Stammy That‚Äôs super comprehensive, thank you for sharing!",0.8883,0.742,0.0,0.258,92
Fox,Wed Jul 04 00:08:19 +0000 2018,"@TimHaines people like that never want to understand, he conveniently blocked all women pointing his wrongness out‚Ä¶ https://t.co/cCe4XNNzfh",0.0459,0.12,0.16,0.72,93
Fox,Tue Jul 03 23:57:36 +0000 2018,"RT @sarahmei: The biggest barrier to entry in software for non-white-men has never been credentials or knowledge or even experience. 

It‚Äôs‚Ä¶",-0.128,0.0,0.07,0.93,94
Fox,Tue Jul 03 09:45:32 +0000 2018,"And here‚Äôs the tweet for posterity. Also, if you had any doubts, the author is fine conversing with other men and q‚Ä¶ https://t.co/ek0D1YV8We",-0.1027,0.072,0.088,0.84,95
Fox,Tue Jul 03 09:44:18 +0000 2018,"@karmel80 lol, I can‚Äôt even",0.4215,0.483,0.0,0.517,96
Fox,Tue Jul 03 09:06:17 +0000 2018,@Firesphere Sorry but I don‚Äôt want to engage on twitter in that way anymore.,0.5267,0.29,0.073,0.637,97
Fox,Tue Jul 03 09:03:13 +0000 2018,In case you have any doubts the dude already blocked me because that‚Äôs how privilege deals with anything‚Äôs that‚Äôs uncomfortable. ‚úåÔ∏èüòé,-0.5267,0.095,0.261,0.644,98
Fox,Tue Jul 03 08:32:36 +0000 2018,"A lesson to learn here is that if you choose to look away and ignore oppression, IT WILL BE MAGNIFIED BY YOUR COMPL‚Ä¶ https://t.co/7yNNGSa6LW",-0.3612,0.0,0.102,0.898,99
NYT,Wed Sep 05 13:30:13 +0000 2018,"""The government prefers to invest in some things and not others,"" said the director of the National Museum, pointin‚Ä¶ https://t.co/Yg9SH5prrR",0.0,0.0,0.0,1.0,0
NYT,Wed Sep 05 13:21:06 +0000 2018,"A man repeatedly rammed a pickup truck into the building of a Dallas television station on Wednesday morning, in wh‚Ä¶ https://t.co/43mwZteA56",0.0,0.0,0.0,1.0,1
NYT,Wed Sep 05 13:00:06 +0000 2018,Morning Briefing: Here's what you need to know to start your day https://t.co/3nX83dh7xI https://t.co/RleL9Fddt5,0.0,0.0,0.0,1.0,2
NYT,Wed Sep 05 12:50:08 +0000 2018,The dash camera video showed a black 17-year-old named Laquan McDonald writhing in the street as a white Chicago po‚Ä¶ https://t.co/htOlFeo0zO,0.0,0.0,0.0,1.0,3
NYT,Wed Sep 05 12:40:03 +0000 2018,Sheryl Sandberg and Jack Dorsey will testify today about Facebook and Twitter's response to foreign interference in‚Ä¶ https://t.co/AID3B5W7Ye,0.0,0.0,0.0,1.0,4
NYT,Wed Sep 05 12:30:07 +0000 2018,"Obama‚Äôs first public event of the midterm election will take place in Orange County, a traditionally conservative-l‚Ä¶ https://t.co/Gfxj5hvHax",0.0,0.0,0.0,1.0,5
NYT,Wed Sep 05 12:21:02 +0000 2018,"""He seemed to be resolved that he was facing some time,"" Al Sharpton said of his meeting with Michael Cohen. ""He ev‚Ä¶ https://t.co/MoVSOLit35",0.1779,0.072,0.0,0.928,6
NYT,Wed Sep 05 12:10:04 +0000 2018,The first day of the Brett Kavanaugh's Supreme Court confirmation hearing was unusually chaotic for what is general‚Ä¶ https://t.co/azxoOMODSQ,0.0276,0.149,0.145,0.706,7
NYT,Wed Sep 05 12:00:10 +0000 2018,"Your daily @DealBook Briefing:

‚Ä¢ Amazon may be worth much more than $1 trillion.

‚Ä¢ Exclusive: John Studzinski hea‚Ä¶ https://t.co/G5vNyuab0a",0.4767,0.254,0.0,0.746,8
NYT,Wed Sep 05 11:50:06 +0000 2018,"Pandemonium, protesters and partisanship: Is this the new normal for Supreme Court confirmations? https://t.co/5DnoGWE4S5",0.4019,0.206,0.109,0.686,9
NYT,Wed Sep 05 11:40:05 +0000 2018,"The NYT review of Bob Woodward's ""Fear: Trump in the White House"" https://t.co/67JZ16l3Bh",0.0,0.0,0.0,1.0,10
NYT,Wed Sep 05 11:30:07 +0000 2018,Massachusetts primary election results https://t.co/DiIeTxVOXO,0.0,0.0,0.0,1.0,11
NYT,Wed Sep 05 11:16:03 +0000 2018,"On the first day of Judge Brett Kavanaugh's Supreme Court confirmation hearings, battle lines were drawn around the‚Ä¶ https://t.co/w9ZKGzp1H1",0.25,0.155,0.112,0.733,12
NYT,Wed Sep 05 11:00:20 +0000 2018,"Before Fashion Week, the model and activist @ashleygraham spoke with us about the power of depicting female bodies‚Ä¶ https://t.co/tJfQUkRTT8",0.0,0.0,0.0,1.0,13
NYT,Wed Sep 05 10:51:03 +0000 2018,"The British authorities charged two Russians with carrying out a nerve agent attack in England, saying they had tra‚Ä¶ https://t.co/GklKyGW0bk",-0.5994,0.0,0.224,0.776,14
NYT,Wed Sep 05 10:44:05 +0000 2018,"Ayanna Pressley propelled her candidacy with urgency, arguing that in the age of Trump, ""change can't wait"" https://t.co/1IXcOveyOc",-0.4588,0.0,0.15,0.85,15
NYT,Wed Sep 05 10:30:07 +0000 2018,"""What is the value of the cultural heritage of a country?"" a professor of biology said. ""It is beyond value."" https://t.co/7JiyRKwM3y",0.34,0.118,0.0,0.882,16
NYT,Wed Sep 05 10:10:09 +0000 2018,Morning¬†Briefing: Here's what you need to know to start your day https://t.co/brCqVtY9kL https://t.co/uftm8eN50I,0.0,0.0,0.0,1.0,17
NYT,Wed Sep 05 10:00:04 +0000 2018,Workers say this particular McDonald's has played a vital role as a social integrator in one of France's most troub‚Ä¶ https://t.co/LUfgzzKPVV,0.5574,0.213,0.0,0.787,18
NYT,Wed Sep 05 09:45:02 +0000 2018,Can you guess which post is from a fake page? https://t.co/ypXXz7oBlc,-0.4767,0.0,0.256,0.744,19
NYT,Wed Sep 05 09:30:09 +0000 2018,"Even before Pompeo‚Äôs plane had landed, Pakistani officials were urging Prime Minister Imran Khan to cancel the meet‚Ä¶ https://t.co/Tt5V0ITkE7",-0.25,0.0,0.1,0.9,20
NYT,Wed Sep 05 09:15:03 +0000 2018,"In one segment, Vladimir Putin is shown picking then eating berries. ""We should gather these and go to the collecti‚Ä¶ https://t.co/IXdUrt1Dhn",0.0,0.0,0.0,1.0,21
NYT,Wed Sep 05 08:47:03 +0000 2018,"RT @nytimesarts: ‚ÄúCan we do it in bed?‚Äù Cher asked, smiling slyly in her sprawling hotel suite on a sultry August night. Who would say no?‚Ä¶",0.5204,0.123,0.0,0.877,22
NYT,Wed Sep 05 08:30:07 +0000 2018,Labour‚Äôs left-wing leader is embroiled in a crisis largely of his own making over anti-Semitism ‚Äî one that has stir‚Ä¶ https://t.co/UwgzUzt2U8,-0.6249,0.0,0.186,0.814,23
NYT,Wed Sep 05 08:15:01 +0000 2018,A South Korea envoy was sent to help break the deadlock in the talks between the North and the U.S. over dismantlin‚Ä¶ https://t.co/DTOfUHiVBD,0.0772,0.108,0.096,0.797,24
NYT,Wed Sep 05 08:00:10 +0000 2018,"President Trump plans to press the U.N. Security Council to be more assertive toward Iran at a session this month,‚Ä¶ https://t.co/E3IGKEgAOu",0.34,0.112,0.0,0.888,25
NYT,Wed Sep 05 07:45:05 +0000 2018,"The threat was issued by the United States, Britain, Australia, New Zealand and Canada, the so-called Five Eyes nat‚Ä¶ https://t.co/0Z1wSR3zpG",-0.1531,0.116,0.14,0.744,26
NYT,Wed Sep 05 07:30:05 +0000 2018,"Earlier police statements on the arrest of Richard Liu, the founder of the Chinese online retailer‚Ä¶ https://t.co/vHRC5mBRbw",-0.34,0.0,0.13,0.87,27
NYT,Wed Sep 05 07:15:03 +0000 2018,"President Xi Jinping of China will not make his first trip to North Korea this weekend, despite speculation to the‚Ä¶ https://t.co/uijGKzP67V",0.0,0.0,0.0,1.0,28
NYT,Wed Sep 05 07:07:03 +0000 2018,"Voting from abroad is actually quite easy, and it‚Äôs worth the effort https://t.co/7QjXXVA7wJ",0.624,0.316,0.0,0.684,29
NYT,Wed Sep 05 06:57:50 +0000 2018,Tropical Storm Gordon made landfall near the Alabama-Mississippi border late Tuesday night. A child was killed afte‚Ä¶ https://t.co/18V2mVRwXq,-0.6705,0.0,0.22,0.78,30
NYT,Wed Sep 05 06:47:45 +0000 2018,Top-seeded Rafael Nadal needed 5 sets and nearly 5 hours to get past Dominic Thiem in the longest match of the tour‚Ä¶ https://t.co/vjAcu599Cm,0.0,0.0,0.0,1.0,31
NYT,Wed Sep 05 06:45:05 +0000 2018,"A bridge in the Indian city of Kolkata collapsed, sending vehicles nose-diving into the wreckage, killing at least‚Ä¶ https://t.co/1jCqFsPMCl",-0.7579,0.0,0.289,0.711,32
NYT,Wed Sep 05 06:30:12 +0000 2018,"For the first time, the Taliban have confirmed the death of Jalaluddin Haqqani, an American ally from the Cold War‚Ä¶ https://t.co/DdCd36FqDm",-0.5994,0.0,0.163,0.837,33
NYT,Wed Sep 05 06:15:04 +0000 2018,The New Yorker Festival has become an unlikely target for questions of free speech and journalistic ethics that hav‚Ä¶ https://t.co/kHbpLJDkcg,0.7579,0.265,0.0,0.735,34
NYT,Wed Sep 05 06:00:15 +0000 2018,"RT @karenyourish: Since Trump‚Äôs inauguration:

5 Trump campaign officials were convicted or pleaded guilty to crimes.

7 Trump cabinet offi‚Ä¶",-0.4215,0.0,0.141,0.859,35
NYT,Wed Sep 05 05:45:06 +0000 2018,"Here are the silliest, saddest, warmest and most thoughtful episodes of ‚ÄúAdventure Time,‚Äù in case you want to do a‚Ä¶ https://t.co/5soRzYQ9vL",0.4005,0.303,0.139,0.558,36
NYT,Wed Sep 05 05:30:07 +0000 2018,‚ÄúThis is not the cops who grab you on the street and push your face onto the ground. This is someone with intellige‚Ä¶ https://t.co/0T5zcYOpFi,0.0,0.0,0.0,1.0,37
NYT,Wed Sep 05 05:15:03 +0000 2018,"She told the authorities that a man who had offered her a ride had beaten her and taken her child. On Tuesday, she‚Ä¶ https://t.co/zrjAYjbdfc",-0.4215,0.0,0.118,0.882,38
NYT,Wed Sep 05 05:02:07 +0000 2018,The White House press secretary called this book ‚Äúnothing more than fabricated stories.‚Äù Here are some key takeaway‚Ä¶ https://t.co/7wMnXxsUTs,0.0,0.0,0.0,1.0,39
NYT,Wed Sep 05 04:47:01 +0000 2018,"This time last year, Serena Williams gave birth to her daughter. She just beat No. 8 seed Karolina Pliskova to adva‚Ä¶ https://t.co/En7KJmJiLP",-0.296,0.0,0.099,0.901,40
NYT,Wed Sep 05 04:32:02 +0000 2018,"üó£Ô∏èYoung Sheck Wes and he's gettin' really rich üí∞ This is how a rap anthem can catch fire in 2018 ‚Äî in patches, and‚Ä¶ https://t.co/TdROwM9GLg",0.3597,0.148,0.091,0.761,41
NYT,Wed Sep 05 04:17:02 +0000 2018,RT @paulkrugman: Some measured words about what Republicans will do to people with pre-existing conditions if they keep control of Congress‚Ä¶,0.0,0.0,0.0,1.0,42
NYT,Wed Sep 05 04:02:04 +0000 2018,Conservationists are calling the massacre one of the most severe poaching events recorded in Africa https://t.co/NWY7P9DIJl,-0.4391,0.0,0.162,0.838,43
NYT,Wed Sep 05 03:47:04 +0000 2018,"For science, the destruction of the National Museum in Brazil means a loss of the past, and of future discovery https://t.co/PC71G7dk7v",-0.7184,0.0,0.25,0.75,44
NYT,Wed Sep 05 03:30:05 +0000 2018,"‚ÄúI think Nike went into this absolutely knowing what they were doing, with the intention that some people would be‚Ä¶ https://t.co/swQamwQS9S",0.0,0.0,0.0,1.0,45
NYT,Wed Sep 05 03:21:05 +0000 2018,"These 20 representatives have not had a primary challenger for at least a decade
https://t.co/AbOhhIWk6x",-0.0951,0.0,0.102,0.898,46
NYT,Wed Sep 05 03:15:06 +0000 2018,"Senate Democrats tore into President Trump‚Äôs Supreme Court nominee, painting Judge Brett Kavanaugh as a narrow-mind‚Ä¶ https://t.co/ySu2dWWTxX",0.5574,0.194,0.0,0.806,47
NYT,Wed Sep 05 03:11:04 +0000 2018,"RT @TheSteinLine: Why was Don Nelson chosen to usher @SteveNash into the @Hoophall? Because Nash, as explained in this week‚Äôs @nytimes NBA‚Ä¶",0.0,0.0,0.0,1.0,48
NYT,Wed Sep 05 03:00:06 +0000 2018,Prosecutors decided not to file criminal charges in connection with separate sexual abuse allegations against the a‚Ä¶ https://t.co/JzONcw0VCH,-0.546,0.115,0.262,0.623,49
NYT,Wed Sep 05 02:47:06 +0000 2018,Can you tell the difference between a real Facebook post and one designed to fool you? https://t.co/7LyEpiBxP0,-0.4404,0.0,0.162,0.838,50
NYT,Wed Sep 05 02:41:05 +0000 2018,"RT @peterbakernyt: Even for a president who has crossed all sorts of lines, his tweet calling for criminal prosecutions to be based on thei‚Ä¶",-0.5267,0.0,0.134,0.866,51
NYT,Wed Sep 05 02:32:07 +0000 2018,"Track the range of misconduct in President Trump's orbit: 
- Criminal charges
- Cabinet officials who misspent taxp‚Ä¶ https://t.co/3rarCbqedg",-0.6705,0.0,0.268,0.732,52
NYT,Wed Sep 05 02:17:01 +0000 2018,A panel of federal judges that deemed North Carolina‚Äôs congressional maps to be unconstitutionally gerrymandered ru‚Ä¶ https://t.co/sDqU7xJrv2,0.0,0.0,0.0,1.0,53
NYT,Wed Sep 05 02:02:04 +0000 2018,RT @AsteadWesley: Your friendly reminder that Ayanna Pressley will now become first minority to ever represent Massachusetts in the House..‚Ä¶,0.4939,0.144,0.0,0.856,54
NYT,Wed Sep 05 01:52:00 +0000 2018,See full results and maps from the Massachusetts primaries https://t.co/03HtSlhAkS,0.0,0.0,0.0,1.0,55
NYT,Wed Sep 05 01:43:00 +0000 2018,"The Times profiled Ayanna Pressley this weekend, before her primary win tonight. She promised ‚Äúactivist leadership‚Äù‚Ä¶ https://t.co/fHLNICatvq",0.743,0.296,0.0,0.704,56
NYT,Wed Sep 05 01:34:34 +0000 2018,"Breaking News: In a major primary upset, Ayanna Pressley won her insurgent House bid in Massachusetts after the Dem‚Ä¶ https://t.co/K6ocIzx4aU",0.2732,0.159,0.112,0.73,57
NYT,Wed Sep 05 01:22:03 +0000 2018,"RT @PamelaPaulNYT: ""Brennan-Jobs is a deeply gifted writer."" The New York Times Book Review on Lisa Brennan-Jobs's stunning new memoir, SMA‚Ä¶",0.3818,0.12,0.0,0.88,58
NYT,Wed Sep 05 01:12:05 +0000 2018,Massachusetts primary election live results https://t.co/WJPkWapDPE,0.0,0.0,0.0,1.0,59
NYT,Wed Sep 05 01:02:02 +0000 2018,Evening Briefing: Here's what you need to know at the end of the day https://t.co/LzP8EnyN36,0.0,0.0,0.0,1.0,60
NYT,Wed Sep 05 00:47:04 +0000 2018,"In Opinion

In an op-ed video, Disneyland employees explain why they love working at the amusement park and resort‚Ä¶ https://t.co/GWxBL9IlAd",0.7717,0.271,0.0,0.729,61
NYT,Wed Sep 05 00:31:03 +0000 2018,"RT @nytclimate: ‚ÄúAt 10:51 p.m. the heat index was 95 ‚Äî that‚Äôs pretty incredible. That‚Äôs a hot heat index in the middle of the summer, in th‚Ä¶",0.4939,0.118,0.0,0.882,62
NYT,Wed Sep 05 00:13:45 +0000 2018,First election results are coming in from the Massachusetts primary. Follow the vote here. https://t.co/WZbhfmaxMW,0.0,0.0,0.0,1.0,63
NYT,Wed Sep 05 00:02:01 +0000 2018,Amazon has a plan to reach 500 million potential users in India: speak to them in Hindi https://t.co/lv7pL1PkSj,0.2023,0.157,0.0,0.843,64
NYT,Tue Sep 04 23:47:03 +0000 2018,"RT @nytimesbusiness: When Nike announced that Colin Kaepernick would be part of a major advertising campaign, some people cheered. Others b‚Ä¶",0.5106,0.148,0.0,0.852,65
NYT,Tue Sep 04 23:40:00 +0000 2018,"In the latest Diary of a Song, the artists Sheck Wes, 16yrold and Take A Daytrip show us how their hit ‚ÄúMo Bamba‚Äù w‚Ä¶ https://t.co/bkLxufvhWa",0.0,0.0,0.0,1.0,66
NYT,Tue Sep 04 23:32:04 +0000 2018,"The river that has nourished them for thousands of years is struggling. At the same time, the opioid crisis is grip‚Ä¶ https://t.co/qm3kuM9nOk",-0.7845,0.0,0.257,0.743,67
NYT,Tue Sep 04 23:17:03 +0000 2018,"RT @nytvideo: ""You're out of order."" Judge Brett Kavanaugh‚Äôs first day of confirmation hearings got off to a chaotic start. Here‚Äôs a quick‚Ä¶",-0.4939,0.0,0.138,0.862,68
NYT,Tue Sep 04 23:02:06 +0000 2018,The special counsel will accept written answers from President Trump on questions about whether his campaign conspi‚Ä¶ https://t.co/zGyj4agJDg,0.6486,0.249,0.0,0.751,69
NYT,Tue Sep 04 22:47:02 +0000 2018,Evening Briefing: Here's what you need to know at the end of the day https://t.co/BA5buXMbWx,0.0,0.0,0.0,1.0,70
NYT,Tue Sep 04 22:32:03 +0000 2018,"No matter how old or out of shape you are, you can restore much of the strength you already lost https://t.co/PU8q6dCsTX",0.25,0.241,0.167,0.593,71
NYT,Tue Sep 04 22:17:01 +0000 2018,RT @nytmike: The tone of the letter and the fact that it did not ask for responses on obstruction prompted some Trump allies to conclude th‚Ä¶,0.0,0.0,0.0,1.0,72
NYT,Tue Sep 04 22:03:04 +0000 2018,"The best TV shows and movies new to Netflix, Amazon and more in September https://t.co/pHGlAMYDde",0.7096,0.312,0.0,0.688,73
NYT,Tue Sep 04 21:47:03 +0000 2018,"""You have fights, people jumping off the boat. It‚Äôs a drinking crowd, and when someone dares his friend to jump off‚Ä¶ https://t.co/TAB1L789dn",0.128,0.129,0.108,0.763,74
NYT,Tue Sep 04 21:38:05 +0000 2018,President Trump so alarmed defense secretary Jim Mattis during a discussion of the nuclear standoff with North Kore‚Ä¶ https://t.co/6m5nPjf6It,-0.3265,0.085,0.149,0.766,75
NYT,Tue Sep 04 21:26:06 +0000 2018,"Colin Kaepernick has become one of the most influential athletes in the current sports landscape, all while rarely‚Ä¶ https://t.co/OqiapL29VM",0.4927,0.151,0.0,0.849,76
NYT,Tue Sep 04 21:11:04 +0000 2018,Judge Brett Kavanaugh‚Äôs opening statement: full prepared remarks https://t.co/zw2UGND9Wq,0.2263,0.192,0.0,0.808,77
NYT,Tue Sep 04 20:58:05 +0000 2018,RT @carlzimmer: Scientists are building bacteria to act as living medicine. Here‚Äôs my story on some recent advances in the field for @nytim‚Ä¶,0.0,0.0,0.0,1.0,78
NYT,Tue Sep 04 20:49:20 +0000 2018,"RT @adamliptak: Sounds familiar, from Judge Kavanaugh: 
""A good judge must be an umpire‚Äîa neutral and impartial arbiter who favors no litig‚Ä¶",0.4019,0.188,0.084,0.728,79
NYT,Tue Sep 04 20:44:59 +0000 2018,Judge Brett Kavanaugh has begun his opening statement. Follow along for live updates. https://t.co/nPR3LiQqNh,0.0,0.0,0.0,1.0,80
NYT,Tue Sep 04 20:38:06 +0000 2018,"RT @nytimesbooks: ""Small Fry"" will force readers to grapple with whether Jobs was not merely unmenschlike but a monster https://t.co/tLhY4O‚Ä¶",0.0,0.0,0.0,1.0,81
NYT,Tue Sep 04 20:28:04 +0000 2018,"üéµüí∞üíñ Young Sheck Wes and I‚Äôm gettin‚Äô really rich, ching-ching. 
See how I caught it ‚Äòcause I‚Äôm really with the ping‚Ä¶ https://t.co/k3jTzzGovy",0.5984,0.163,0.0,0.837,82
NYT,Tue Sep 04 20:18:03 +0000 2018,It is one of the last major Democratic congressional rivalries before the November elections. Here's what to look f‚Ä¶ https://t.co/G1unQotdPx,0.0,0.0,0.0,1.0,83
NYT,Tue Sep 04 20:08:03 +0000 2018,"Cher hasn't seen ""Mamma Mia! Here We Go Again."" But she doesn't remember ""doing anything memorable"" in it except si‚Ä¶ https://t.co/Afq8X53mxf",0.2914,0.098,0.0,0.902,84
NYT,Tue Sep 04 19:58:06 +0000 2018,"Syrian and Russian warplanes carried out dozens of airstrikes on Tuesday, apparently ignoring a warning from Presid‚Ä¶ https://t.co/xkV0HKkHZP",-0.6249,0.0,0.254,0.746,85
NYT,Tue Sep 04 19:48:02 +0000 2018,"RT @NYTSports: In Roger Federer‚Äôs view, his performance had nothing to do with age and everything to do with the draining, still conditions‚Ä¶",0.0,0.0,0.0,1.0,86
NYT,Tue Sep 04 19:38:03 +0000 2018,"Worried about Trump's judgment, Gary Cohn took a letter from Trump's desk authorizing the withdrawal of the U.S. fr‚Ä¶ https://t.co/ifCBJebNZi",-0.2732,0.054,0.108,0.837,87
NYT,Tue Sep 04 19:28:05 +0000 2018,"There, sitting on a shelf in a Florida thrift store, was a baseball glove that belonged to their son 40 years ago i‚Ä¶ https://t.co/LczB4aW2WT",0.0,0.0,0.0,1.0,88
NYT,Tue Sep 04 19:18:05 +0000 2018,How Facebook became a key weapon in Libya's street battles https://t.co/ZgJEAcnrtb,-0.5859,0.0,0.375,0.625,89
NYT,Tue Sep 04 19:08:02 +0000 2018,"RT @nytgraphics: Judge Kavanaugh‚Äôs confirmation would most likely shift the Supreme Court to the right, but President Trump's impact on the‚Ä¶",0.3182,0.103,0.0,0.897,90
NYT,Tue Sep 04 18:58:03 +0000 2018,"RT @MWilsonNYT: Last year, I wrote about the death of a high school teacher in the Bronx who overdosed in a faculty restroom just after the‚Ä¶",-0.5994,0.0,0.151,0.849,91
NYT,Tue Sep 04 18:48:02 +0000 2018,Amazon has a plan to reach 500 million potential users in India: speak their language https://t.co/a5BjlN1NPI,0.2023,0.177,0.0,0.823,92
NYT,Tue Sep 04 18:38:02 +0000 2018,"The cost of security for Scott Pruitt, the former EPA chief, more than doubled in his first 11 months on the job, a‚Ä¶ https://t.co/2kAhLGO30x",0.34,0.094,0.0,0.906,93
NYT,Tue Sep 04 18:28:06 +0000 2018,"She and a friend spent 3 days exploring Las Vegas's pool culture. In that time, they would ""pay handsomely for the‚Ä¶ https://t.co/X6YjHXK1g7",0.6908,0.249,0.057,0.694,94
NYT,Tue Sep 04 18:18:06 +0000 2018,RT @nytvideo: Confirmation hearings for Supreme Court nominees weren't always public ‚Äì then a former member of the Ku Klux Klan was confirm‚Ä¶,0.5574,0.153,0.0,0.847,95
NYT,Tue Sep 04 18:08:04 +0000 2018,"On Tuesday morning, Tropical Storm Gordon was approaching the Gulf Coast and expected to intensify into a hurricane‚Ä¶ https://t.co/4edpID43Ja",0.0,0.0,0.0,1.0,96
NYT,Tue Sep 04 17:59:37 +0000 2018,RT @charlie_savage: Senator @amyklobuchar says Kavanaugh wrote that a president can disregard a law passed by Congress if he deemed it unco‚Ä¶,-0.2732,0.0,0.1,0.9,97
NYT,Tue Sep 04 17:58:04 +0000 2018,"RT @UpshotNYT: Public health needs to do a better job at trumpeting its success. Too often, it seems to be the unsung hero. https://t.co/Pf‚Ä¶",0.8807,0.338,0.0,0.662,98
NYT,Tue Sep 04 17:46:26 +0000 2018,"In Opinion

The editorial board endorses Gov. Andrew Cuomo over Cynthia Nixon in next week's primary, saying when C‚Ä¶ https://t.co/l9MYflpao1",0.34,0.112,0.0,0.888,99
